{
  "comparison_mode": "equal_sample",
  "protocol_sha256": "47629531beb32b3d2022e37471835ca592d7779197b7fe3696ee1cc8fc3ad184",
  "target_col": "label_sofa_increase_ge2_6h",
  "horizon_hours": 6,
  "seed": 62,
  "variant": "full",
  "display_name": "Full Knowledge-Guided Temporal FNN",
  "expert_init": 1,
  "temporal_design": 1,
  "clinical_consistency": 1,
  "explicit_temporal_features": 1,
  "input_seq_length": 24,
  "min_history_length": 24,
  "train_windows": 200000,
  "val_windows": 50000,
  "train_positive": 11326,
  "train_negative": 188674,
  "val_positive": 2906,
  "val_negative": 47094,
  "test_windows": 830839,
  "test_positive": 47292,
  "test_negative": 783547,
  "train_total_loss": 1.2535867447853088,
  "train_auroc": 0.6496581874797769,
  "train_auprc": 0.1182596540812927,
  "val_total_loss": 1.2647380506896972,
  "val_bce": 1.2476830548858642,
  "val_auroc": 0.6544432221790331,
  "val_auprc": 0.12564435433618676,
  "val_recall": 0.5529938059187887,
  "val_precision": 0.09407563517152558,
  "test_total_loss": 1.257879360594422,
  "test_auroc": 0.6470323229188463,
  "test_auprc": 0.12244899211414137,
  "test_recall": 0.0034466717415207646,
  "test_precision": 0.509375,
  "test_sensitivity": 0.0034466717415207646,
  "test_specificity": 0.9997996291224394,
  "test_f1": 0.0068470133579769795,
  "test_accuracy": 0.9430864463512185,
  "test_brier": 0.052314041834779626,
  "test_ece": 0.001164756717811859,
  "test_mce": 0.9228866039408059,
  "test_log_loss": 0.2093105389899824,
  "test_raw_brier": 0.22510230282893384,
  "test_raw_ece": 0.40746092014656976,
  "test_raw_log_loss": 0.6439421635802085,
  "validation_platt_intercept": -2.7679711065091115,
  "validation_platt_slope": 1.0814754187116613,
  "calibration_method": "validation_only_platt",
  "best_epoch": 20,
  "actual_epochs": 20,
  "stopped_early": 0,
  "seconds": 756.3912376998924,
  "num_cross_rules": 6.0,
  "avg_rule_antecedents": 2.1666666666666665,
  "mean_rule_activation": 0.16665847601996528,
  "active_rule_fraction_gt_0_1": 0.2384022222222222,
  "mean_top_rule_activation": 0.8720529792277019,
  "rule_sparsity_loss": 9.407553672790527,
  "rule_drift_loss": 1.4155443906784058,
  "rule_drift_normalized": 0.23667499488801697,
  "rule_concordance": 0.47074147762205243,
  "nonnegative_weight_loss": 0.0,
  "negative_cross_rule_count": 0.0,
  "attention_entropy": 0.9944257537841796,
  "attention_last_6h_mass": 0.25048058471679685
}