{
  "comparison_mode": "equal_sample",
  "protocol_sha256": "47629531beb32b3d2022e37471835ca592d7779197b7fe3696ee1cc8fc3ad184",
  "target_col": "label_sofa_increase_ge2_6h",
  "horizon_hours": 6,
  "seed": 62,
  "variant": "observation_4h_explicit",
  "display_name": "FNN (4h, explicit temporal features)",
  "expert_init": 1,
  "temporal_design": 1,
  "clinical_consistency": 1,
  "explicit_temporal_features": 1,
  "input_seq_length": 4,
  "min_history_length": 24,
  "train_windows": 200000,
  "val_windows": 50000,
  "train_positive": 11326,
  "train_negative": 188674,
  "val_positive": 2906,
  "val_negative": 47094,
  "test_windows": 830839,
  "test_positive": 47292,
  "test_negative": 783547,
  "train_total_loss": 1.2662772611236572,
  "train_auroc": 0.629506103986802,
  "train_auprc": 0.0964301625970551,
  "val_total_loss": 1.2831260985183717,
  "val_bce": 1.2755261740493775,
  "val_auroc": 0.6272640358678756,
  "val_auprc": 0.09725386397119125,
  "val_recall": 0.6163110805230557,
  "val_precision": 0.08035353761945355,
  "test_total_loss": 1.2760009949372013,
  "test_auroc": 0.6204685227134082,
  "test_auprc": 0.09392311103485272,
  "test_recall": 0.6049437537004144,
  "test_precision": 0.07715271972169035,
  "test_sensitivity": 0.6049437537004144,
  "test_specificity": 0.5632667855278624,
  "test_f1": 0.13685177301232715,
  "test_accuracy": 0.5656390708669189,
  "test_brier": 0.25228249938090697,
  "test_ece": 0.43824212900895243,
  "test_mce": 0.6709267606689755,
  "test_log_loss": 0.7005792481157058,
  "best_epoch": 19,
  "actual_epochs": 20,
  "stopped_early": 0,
  "seconds": 275.6723925000988,
  "num_cross_rules": 6.0,
  "avg_rule_antecedents": 2.1666666666666665,
  "mean_rule_activation": 0.16558158976236978,
  "active_rule_fraction_gt_0_1": 0.216095,
  "mean_top_rule_activation": 0.9003045056152343,
  "rule_sparsity_loss": 14.155197143554688,
  "rule_drift_loss": 0.979619026184082,
  "nonnegative_weight_loss": 0.0,
  "negative_cross_rule_count": 0.0,
  "attention_entropy": 0.9733803942871094,
  "attention_last_6h_mass": 1.0,
  "observation_window_hours": 4,
  "feature_design": "explicit"
}