{
  "comparison_mode": "equal_sample",
  "protocol_sha256": "47629531beb32b3d2022e37471835ca592d7779197b7fe3696ee1cc8fc3ad184",
  "target_col": "label_sofa_increase_ge2_6h",
  "horizon_hours": 6,
  "seed": 42,
  "variant": "observation_12h_explicit",
  "display_name": "FNN (12h, explicit temporal features)",
  "expert_init": 1,
  "temporal_design": 1,
  "clinical_consistency": 1,
  "explicit_temporal_features": 1,
  "input_seq_length": 12,
  "min_history_length": 24,
  "train_windows": 200000,
  "val_windows": 50000,
  "train_positive": 11326,
  "train_negative": 188674,
  "val_positive": 2906,
  "val_negative": 47094,
  "test_windows": 830839,
  "test_positive": 47292,
  "test_negative": 783547,
  "train_total_loss": 1.2645731656646728,
  "train_auroc": 0.6312130448443136,
  "train_auprc": 0.09610505996155652,
  "val_total_loss": 1.294015571937561,
  "val_bce": 1.2863015180206299,
  "val_auroc": 0.6304219802769007,
  "val_auprc": 0.09696279323943958,
  "val_recall": 0.3888506538196834,
  "val_precision": 0.0961865849506299,
  "test_total_loss": 1.284022312793934,
  "test_auroc": 0.6229371376649879,
  "test_auprc": 0.09522426145296908,
  "test_recall": 0.3819039160957456,
  "test_precision": 0.09326620191066357,
  "test_sensitivity": 0.3819039160957456,
  "test_specificity": 0.7759049552866644,
  "test_f1": 0.14991989773472453,
  "test_accuracy": 0.75347811068089,
  "test_brier": 0.1972108954579788,
  "test_ece": 0.37028343396790264,
  "test_mce": 0.621627802888297,
  "test_log_loss": 0.5843017245072466,
  "best_epoch": 19,
  "actual_epochs": 20,
  "stopped_early": 0,
  "seconds": 325.5663465000689,
  "num_cross_rules": 6.0,
  "avg_rule_antecedents": 2.1666666666666665,
  "mean_rule_activation": 0.1643118709309896,
  "active_rule_fraction_gt_0_1": 0.2212097222222222,
  "mean_top_rule_activation": 0.8858878092447917,
  "rule_sparsity_loss": 13.404135704040527,
  "rule_drift_loss": 1.0118311643600464,
  "nonnegative_weight_loss": 0.00025026415823958814,
  "negative_cross_rule_count": 0.0,
  "attention_entropy": 0.9599951000976562,
  "attention_last_6h_mass": 0.49892797668457034,
  "observation_window_hours": 12,
  "feature_design": "explicit"
}