{
  "comparison_mode": "equal_sample",
  "protocol_sha256": "47629531beb32b3d2022e37471835ca592d7779197b7fe3696ee1cc8fc3ad184",
  "target_col": "label_sofa_increase_ge2_6h",
  "horizon_hours": 6,
  "seed": 52,
  "variant": "random_init",
  "display_name": "Randomly initialized FNN",
  "expert_init": 0,
  "temporal_design": 1,
  "clinical_consistency": 1,
  "explicit_temporal_features": 1,
  "input_seq_length": 24,
  "min_history_length": 24,
  "train_windows": 200000,
  "val_windows": 50000,
  "train_positive": 11326,
  "train_negative": 188674,
  "val_positive": 2906,
  "val_negative": 47094,
  "test_windows": 830839,
  "test_positive": 47292,
  "test_negative": 783547,
  "train_total_loss": 1.2534862436294556,
  "train_auroc": 0.6447264757181157,
  "train_auprc": 0.11827542976065848,
  "val_total_loss": 1.266690224571228,
  "val_bce": 1.2537665421676636,
  "val_auroc": 0.647324926664806,
  "val_auprc": 0.12119865789333444,
  "val_recall": 0.588093599449415,
  "val_precision": 0.08668526502662947,
  "test_total_loss": 1.2587966506586334,
  "test_auroc": 0.6403145726991664,
  "test_auprc": 0.12093012302072206,
  "test_recall": 0.002114522540810285,
  "test_precision": 0.4854368932038835,
  "test_sensitivity": 0.002114522540810285,
  "test_specificity": 0.9998647177514559,
  "test_f1": 0.004210703608572993,
  "test_accuracy": 0.943072003119738,
  "test_brier": 0.052373081828398275,
  "test_ece": 0.001293411545781908,
  "test_mce": 0.8596961841077513,
  "test_log_loss": 0.20985091864797625,
  "test_raw_brier": 0.23877246246081868,
  "test_raw_ece": 0.4234926935870654,
  "test_raw_log_loss": 0.672690926030746,
  "validation_platt_intercept": -2.8362147290444426,
  "validation_platt_slope": 1.0296424340632755,
  "calibration_method": "validation_only_platt",
  "best_epoch": 20,
  "actual_epochs": 20,
  "stopped_early": 0,
  "seconds": 630.9441553000361,
  "num_cross_rules": 6.0,
  "avg_rule_antecedents": 2.1666666666666665,
  "mean_rule_activation": 0.16666664086235894,
  "active_rule_fraction_gt_0_1": 0.42976597222222224,
  "mean_top_rule_activation": 0.5754121002197266,
  "rule_sparsity_loss": 5.9468488693237305,
  "rule_drift_loss": 1.148851752281189,
  "rule_drift_normalized": 0.17573465404857416,
  "rule_concordance": 0.35689411402523136,
  "nonnegative_weight_loss": 0.0,
  "negative_cross_rule_count": 0.0,
  "attention_entropy": 0.9999997624206542,
  "attention_last_6h_mass": 0.25000963417053224
}