{
  "comparison_mode": "equal_sample",
  "protocol_sha256": "47629531beb32b3d2022e37471835ca592d7779197b7fe3696ee1cc8fc3ad184",
  "target_col": "label_sofa_increase_ge2_6h",
  "horizon_hours": 6,
  "seed": 62,
  "variant": "missingness_only",
  "display_name": "Missingness-only Temporal FNN",
  "expert_init": 1,
  "temporal_design": 1,
  "clinical_consistency": 1,
  "explicit_temporal_features": 1,
  "input_mask_mode": "missingness_only",
  "input_seq_length": 24,
  "min_history_length": 24,
  "train_windows": 200000,
  "val_windows": 50000,
  "train_positive": 11326,
  "train_negative": 188674,
  "val_positive": 2906,
  "val_negative": 47094,
  "test_windows": 830839,
  "test_positive": 47292,
  "test_negative": 783547,
  "train_total_loss": 1.290701616668701,
  "train_auroc": 0.5923356640928603,
  "train_auprc": 0.08491526124355879,
  "val_total_loss": 1.3002422152328492,
  "val_bce": 1.2911150721359252,
  "val_auroc": 0.6005155786448804,
  "val_auprc": 0.09184078691075793,
  "val_recall": 0.5929112181693049,
  "val_precision": 0.07689561297808721,
  "test_total_loss": 1.28984617648841,
  "test_auroc": 0.5954340019206265,
  "test_auprc": 0.09035330799506844,
  "test_recall": 2.114522540810285e-05,
  "test_precision": 0.05,
  "test_sensitivity": 2.114522540810285e-05,
  "test_specificity": 0.9999757512950723,
  "test_f1": 4.227257355427798e-05,
  "test_accuracy": 0.9430575598882576,
  "test_brier": 0.05315729519797054,
  "test_ece": 0.0017702240070142131,
  "test_mce": 0.47355190908740896,
  "test_log_loss": 0.214566190756269,
  "test_raw_brier": 0.2454440862928055,
  "test_raw_ece": 0.43538784120522006,
  "test_raw_log_loss": 0.684641765215261,
  "validation_platt_intercept": -2.8137698295671343,
  "validation_platt_slope": 1.1698183221469305,
  "calibration_method": "validation_only_platt",
  "best_epoch": 20,
  "actual_epochs": 20,
  "stopped_early": 0,
  "seconds": 1017.8661970999092,
  "num_cross_rules": 6.0,
  "avg_rule_antecedents": 2.1666666666666665,
  "mean_rule_activation": 0.1666490104505751,
  "active_rule_fraction_gt_0_1": 0.16666666666666666,
  "mean_top_rule_activation": 0.9148803552246094,
  "rule_sparsity_loss": 4.320043563842773,
  "rule_drift_loss": 1.7352850437164307,
  "rule_drift_normalized": 0.2421540994340603,
  "rule_concordance": NaN,
  "nonnegative_weight_loss": 0.0,
  "negative_cross_rule_count": 0.0,
  "attention_entropy": 0.9999999403381348,
  "attention_last_6h_mass": 0.25
}