{
  "comparison_mode": "equal_sample",
  "protocol_sha256": "47629531beb32b3d2022e37471835ca592d7779197b7fe3696ee1cc8fc3ad184",
  "target_col": "label_sofa_increase_ge2_6h",
  "horizon_hours": 6,
  "seed": 62,
  "variant": "observation_6h_explicit",
  "display_name": "FNN (6h, explicit temporal features)",
  "expert_init": 1,
  "temporal_design": 1,
  "clinical_consistency": 1,
  "explicit_temporal_features": 1,
  "input_seq_length": 6,
  "min_history_length": 24,
  "train_windows": 200000,
  "val_windows": 50000,
  "train_positive": 11326,
  "train_negative": 188674,
  "val_positive": 2906,
  "val_negative": 47094,
  "test_windows": 830839,
  "test_positive": 47292,
  "test_negative": 783547,
  "train_total_loss": 1.2652441519165039,
  "train_auroc": 0.6303301996849371,
  "train_auprc": 0.0960407093326609,
  "val_total_loss": 1.2803897871398926,
  "val_bce": 1.2730796126556396,
  "val_auroc": 0.6314241054141004,
  "val_auprc": 0.09740660633706685,
  "val_recall": 0.6335168616655196,
  "val_precision": 0.08147820314228811,
  "test_total_loss": 1.2753947569872814,
  "test_auroc": 0.6214585672769151,
  "test_auprc": 0.09355571513623243,
  "test_recall": 0.6129155036792692,
  "test_precision": 0.07734756504336224,
  "test_sensitivity": 0.6129155036792692,
  "test_specificity": 0.5587195152301011,
  "test_f1": 0.13736073660915263,
  "test_accuracy": 0.5618043929088548,
  "test_brier": 0.2522096447702014,
  "test_ece": 0.43800514103606747,
  "test_mce": 0.6540809793042732,
  "test_log_loss": 0.7002944511872926,
  "best_epoch": 19,
  "actual_epochs": 20,
  "stopped_early": 0,
  "seconds": 282.59235449973494,
  "num_cross_rules": 6.0,
  "avg_rule_antecedents": 2.1666666666666665,
  "mean_rule_activation": 0.16547149305555556,
  "active_rule_fraction_gt_0_1": 0.2145372222222222,
  "mean_top_rule_activation": 0.9031704833984375,
  "rule_sparsity_loss": 13.59341812133789,
  "rule_drift_loss": 1.0120352506637573,
  "nonnegative_weight_loss": 0.0,
  "negative_cross_rule_count": 0.0,
  "attention_entropy": 0.9775766247558594,
  "attention_last_6h_mass": 1.0,
  "observation_window_hours": 6,
  "feature_design": "explicit"
}