{
  "comparison_mode": "equal_sample",
  "protocol_sha256": "47629531beb32b3d2022e37471835ca592d7779197b7fe3696ee1cc8fc3ad184",
  "target_col": "label_sofa_increase_ge2_6h",
  "horizon_hours": 6,
  "seed": 62,
  "variant": "observation_24h_explicit",
  "display_name": "FNN (24h, explicit temporal features)",
  "expert_init": 1,
  "temporal_design": 1,
  "clinical_consistency": 1,
  "explicit_temporal_features": 1,
  "input_seq_length": 24,
  "min_history_length": 24,
  "train_windows": 200000,
  "val_windows": 50000,
  "train_positive": 11326,
  "train_negative": 188674,
  "val_positive": 2906,
  "val_negative": 47094,
  "test_windows": 830839,
  "test_positive": 47292,
  "test_negative": 783547,
  "train_total_loss": 1.2564299110031127,
  "train_auroc": 0.6422173526932613,
  "train_auprc": 0.10642922109846972,
  "val_total_loss": 1.274508278503418,
  "val_bce": 1.2637141076660157,
  "val_auroc": 0.6431189399619586,
  "val_auprc": 0.11166936180236563,
  "val_recall": 0.6827253957329663,
  "val_precision": 0.0780672070512316,
  "test_total_loss": 1.270683046582829,
  "test_auroc": 0.6332436592424054,
  "test_auprc": 0.10550729849508322,
  "test_recall": 0.670832276072063,
  "test_precision": 0.07588260619977037,
  "test_sensitivity": 0.670832276072063,
  "test_specificity": 0.5069153477710974,
  "test_f1": 0.13634253887212808,
  "test_accuracy": 0.5162456264089673,
  "test_brier": 0.2642982097481414,
  "test_ece": 0.4526928212900174,
  "test_mce": 0.6593488777850891,
  "test_log_loss": 0.7256618017988044,
  "best_epoch": 20,
  "actual_epochs": 20,
  "stopped_early": 0,
  "seconds": 388.48840590007603,
  "num_cross_rules": 6.0,
  "avg_rule_antecedents": 2.1666666666666665,
  "mean_rule_activation": 0.16649320909288196,
  "active_rule_fraction_gt_0_1": 0.2289151388888889,
  "mean_top_rule_activation": 0.8819346809895834,
  "rule_sparsity_loss": 14.722002983093262,
  "rule_drift_loss": 0.8987404704093933,
  "nonnegative_weight_loss": 0.0,
  "negative_cross_rule_count": 0.0,
  "attention_entropy": 0.9845300378417968,
  "attention_last_6h_mass": 0.24968624450683594,
  "observation_window_hours": 24,
  "feature_design": "explicit"
}