{
  "comparison_mode": "equal_sample",
  "protocol_sha256": "47629531beb32b3d2022e37471835ca592d7779197b7fe3696ee1cc8fc3ad184",
  "target_col": "label_sofa_increase_ge2_6h",
  "horizon_hours": 6,
  "seed": 42,
  "variant": "full",
  "display_name": "Full Knowledge-Guided Temporal FNN",
  "expert_init": 1,
  "temporal_design": 1,
  "clinical_consistency": 1,
  "explicit_temporal_features": 1,
  "input_seq_length": 24,
  "min_history_length": 24,
  "train_windows": 200000,
  "val_windows": 50000,
  "train_positive": 11326,
  "train_negative": 188674,
  "val_positive": 2906,
  "val_negative": 47094,
  "test_windows": 830839,
  "test_positive": 47292,
  "test_negative": 783547,
  "train_total_loss": 1.2578737286376953,
  "train_auroc": 0.6466251896272079,
  "train_auprc": 0.1176319366222917,
  "val_total_loss": 1.2650759607315063,
  "val_bce": 1.2460993615341187,
  "val_auroc": 0.6564835434342836,
  "val_auprc": 0.1240181901569312,
  "val_recall": 0.6046111493461803,
  "val_precision": 0.08923764538574838,
  "test_total_loss": 1.2613131141240879,
  "test_auroc": 0.6447843889581452,
  "test_auprc": 0.123593778730803,
  "test_recall": 0.003256364712847839,
  "test_precision": 0.5365853658536586,
  "test_sensitivity": 0.003256364712847839,
  "test_specificity": 0.9998302590655059,
  "test_f1": 0.0064734441665440625,
  "test_accuracy": 0.943104500390569,
  "test_brier": 0.05229393976824666,
  "test_ece": 0.0012977443935954353,
  "test_mce": 0.9568177515042025,
  "test_log_loss": 0.20940210391713016,
  "test_raw_brier": 0.2367585550987127,
  "test_raw_ece": 0.4215333417159517,
  "test_raw_log_loss": 0.6681501997360029,
  "validation_platt_intercept": -2.834223053447894,
  "validation_platt_slope": 1.1045367776257342,
  "calibration_method": "validation_only_platt",
  "best_epoch": 15,
  "actual_epochs": 20,
  "stopped_early": 1,
  "seconds": 763.7081813002005,
  "num_cross_rules": 6.0,
  "avg_rule_antecedents": 2.1666666666666665,
  "mean_rule_activation": 0.16604652570936415,
  "active_rule_fraction_gt_0_1": 0.23982958333333335,
  "mean_top_rule_activation": 0.8645922778320313,
  "rule_sparsity_loss": 11.923735618591309,
  "rule_drift_loss": 1.1324117183685303,
  "rule_drift_normalized": 0.21458009082707577,
  "rule_concordance": 0.6695970011567406,
  "nonnegative_weight_loss": 0.0,
  "negative_cross_rule_count": 0.0,
  "attention_entropy": 0.9935085498046875,
  "attention_last_6h_mass": 0.25006093738555907
}