{
  "comparison_mode": "equal_sample",
  "protocol_sha256": "47629531beb32b3d2022e37471835ca592d7779197b7fe3696ee1cc8fc3ad184",
  "target_col": "label_sofa_increase_ge2_6h",
  "horizon_hours": 6,
  "seed": 62,
  "variant": "observation_24h_sequence_only",
  "display_name": "FNN (24h, sequence-only temporal attention)",
  "expert_init": 1,
  "temporal_design": 1,
  "clinical_consistency": 1,
  "explicit_temporal_features": 0,
  "input_seq_length": 24,
  "min_history_length": 24,
  "train_windows": 200000,
  "val_windows": 50000,
  "train_positive": 11326,
  "train_negative": 188674,
  "val_positive": 2906,
  "val_negative": 47094,
  "test_windows": 830839,
  "test_positive": 47292,
  "test_negative": 783547,
  "train_total_loss": 1.2883536532592774,
  "train_auroc": 0.5871229785391989,
  "train_auprc": 0.07757229300101334,
  "val_total_loss": 1.3074795087051392,
  "val_bce": 1.305652682800293,
  "val_auroc": 0.5883177232537604,
  "val_auprc": 0.07914419446437286,
  "val_recall": 0.4270474879559532,
  "val_precision": 0.08277748132337247,
  "test_total_loss": 1.2996691745397442,
  "test_auroc": 0.5769931780514155,
  "test_auprc": 0.07455153657138275,
  "test_recall": 0.39427387295948574,
  "test_precision": 0.07586706378269291,
  "test_sensitivity": 0.39427387295948574,
  "test_specificity": 0.7101309812940385,
  "test_f1": 0.12724865558376328,
  "test_accuracy": 0.6921521498148258,
  "test_brier": 0.2271150717515816,
  "test_ece": 0.4115880154933028,
  "test_mce": 0.9167872326714652,
  "test_log_loss": 0.6472473261258822,
  "best_epoch": 17,
  "actual_epochs": 20,
  "stopped_early": 0,
  "seconds": 373.8275031000376,
  "num_cross_rules": 6.0,
  "avg_rule_antecedents": 2.1666666666666665,
  "mean_rule_activation": 0.16378185356987848,
  "active_rule_fraction_gt_0_1": 0.220655,
  "mean_top_rule_activation": 0.8815569498697917,
  "rule_sparsity_loss": 13.966083526611328,
  "rule_drift_loss": 1.0600496530532837,
  "nonnegative_weight_loss": 0.0,
  "negative_cross_rule_count": 0.0,
  "attention_entropy": 0.9804890283203125,
  "attention_last_6h_mass": 0.2501098483276367,
  "observation_window_hours": 24,
  "feature_design": "sequence_only"
}