{
  "comparison_mode": "equal_sample",
  "protocol_sha256": "47629531beb32b3d2022e37471835ca592d7779197b7fe3696ee1cc8fc3ad184",
  "target_col": "label_sofa_increase_ge2_6h",
  "horizon_hours": 6,
  "seed": 62,
  "variant": "no_missingness",
  "display_name": "Explicit KG-TFNN without missingness channels",
  "expert_init": 1,
  "temporal_design": 1,
  "clinical_consistency": 1,
  "explicit_temporal_features": 1,
  "input_mask_mode": "no_missingness",
  "input_seq_length": 24,
  "min_history_length": 24,
  "train_windows": 200000,
  "val_windows": 50000,
  "train_positive": 11326,
  "train_negative": 188674,
  "val_positive": 2906,
  "val_negative": 47094,
  "test_windows": 830839,
  "test_positive": 47292,
  "test_negative": 783547,
  "train_total_loss": 1.2878175877761842,
  "train_auroc": 0.6062162604978973,
  "train_auprc": 0.08971017111555807,
  "val_total_loss": 1.3029213815689087,
  "val_bce": 1.2880388151168822,
  "val_auroc": 0.6225627189340112,
  "val_auprc": 0.09199692867931623,
  "val_recall": 0.39125946317962834,
  "val_precision": 0.09388934764657308,
  "test_total_loss": 1.3019282368381815,
  "test_auroc": 0.6031816064435803,
  "test_auprc": 0.08741588731869898,
  "test_recall": 0.0,
  "test_precision": 0.0,
  "test_sensitivity": 0.0,
  "test_specificity": 0.9999948950094889,
  "test_f1": NaN,
  "test_accuracy": 0.9430744103249847,
  "test_brier": 0.053216743765637356,
  "test_ece": 0.001056750560122615,
  "test_mce": 0.5329600573767512,
  "test_log_loss": 0.2145949035274711,
  "test_raw_brier": 0.20568054175583828,
  "test_raw_ece": 0.38328683939996033,
  "test_raw_log_loss": 0.6027473662765552,
  "validation_platt_intercept": -2.6194816774973013,
  "validation_platt_slope": 0.9841979237959548,
  "calibration_method": "validation_only_platt",
  "best_epoch": 15,
  "actual_epochs": 20,
  "stopped_early": 1,
  "seconds": 1190.9442794001661,
  "num_cross_rules": 6.0,
  "avg_rule_antecedents": 2.1666666666666665,
  "mean_rule_activation": 0.1666599693806966,
  "active_rule_fraction_gt_0_1": 0.22694694444444444,
  "mean_top_rule_activation": 0.8744147364298502,
  "rule_sparsity_loss": 10.017175674438477,
  "rule_drift_loss": 1.2740203142166138,
  "rule_drift_normalized": 0.22935022485617082,
  "rule_concordance": 0.7606655190668816,
  "nonnegative_weight_loss": 0.0009783173445612192,
  "negative_cross_rule_count": 0.0,
  "attention_entropy": 0.9996552758789062,
  "attention_last_6h_mass": 0.24986191883087158
}