{
  "comparison_mode": "equal_sample",
  "protocol_sha256": "47629531beb32b3d2022e37471835ca592d7779197b7fe3696ee1cc8fc3ad184",
  "target_col": "label_sofa_increase_ge2_6h",
  "horizon_hours": 6,
  "seed": 42,
  "variant": "random_init",
  "display_name": "Randomly initialized FNN",
  "expert_init": 0,
  "temporal_design": 1,
  "clinical_consistency": 1,
  "explicit_temporal_features": 1,
  "input_seq_length": 24,
  "min_history_length": 24,
  "train_windows": 200000,
  "val_windows": 50000,
  "train_positive": 11326,
  "train_negative": 188674,
  "val_positive": 2906,
  "val_negative": 47094,
  "test_windows": 830839,
  "test_positive": 47292,
  "test_negative": 783547,
  "train_total_loss": 1.2541119256591797,
  "train_auroc": 0.642472270079276,
  "train_auprc": 0.11281080817046367,
  "val_total_loss": 1.2652619862365722,
  "val_bce": 1.2536118577194213,
  "val_auroc": 0.6476614795478233,
  "val_auprc": 0.12014011169451352,
  "val_recall": 0.5640055058499656,
  "val_precision": 0.08867128327201905,
  "test_total_loss": 1.25944934321391,
  "test_auroc": 0.6387133993797925,
  "test_auprc": 0.11617989256405042,
  "test_recall": 0.001691618032648228,
  "test_precision": 0.42105263157894735,
  "test_sensitivity": 0.001691618032648228,
  "test_specificity": 0.9998596127609448,
  "test_f1": 0.003369697990817573,
  "test_accuracy": 0.9430431166567771,
  "test_brier": 0.05249281278619765,
  "test_ece": 0.0010578320128881483,
  "test_mce": 0.667027086700247,
  "test_log_loss": 0.21028892144198974,
  "test_raw_brier": 0.23070209901352545,
  "test_raw_ece": 0.4129647316476603,
  "test_raw_log_loss": 0.6556718331222178,
  "validation_platt_intercept": -2.7948663251234644,
  "validation_platt_slope": 0.9994825897664814,
  "calibration_method": "validation_only_platt",
  "best_epoch": 18,
  "actual_epochs": 20,
  "stopped_early": 0,
  "seconds": 729.9759216997772,
  "num_cross_rules": 6.0,
  "avg_rule_antecedents": 2.1666666666666665,
  "mean_rule_activation": 0.16666666659884982,
  "active_rule_fraction_gt_0_1": 0.4476670833333333,
  "mean_top_rule_activation": 0.5841443471272787,
  "rule_sparsity_loss": 5.667075157165527,
  "rule_drift_loss": 0.9363085031509399,
  "rule_drift_normalized": 0.1636982278971118,
  "rule_concordance": 0.5263679269238905,
  "nonnegative_weight_loss": 0.0,
  "negative_cross_rule_count": 0.0,
  "attention_entropy": 0.9692978970336914,
  "attention_last_6h_mass": 0.24987779098510743
}