{
  "comparison_mode": "equal_sample",
  "protocol_sha256": "47629531beb32b3d2022e37471835ca592d7779197b7fe3696ee1cc8fc3ad184",
  "target_col": "label_sofa_increase_ge2_6h",
  "horizon_hours": 6,
  "seed": 42,
  "variant": "static_guideline",
  "display_name": "Guideline-guided FNN without temporal features",
  "expert_init": 1,
  "temporal_design": 0,
  "clinical_consistency": 0,
  "explicit_temporal_features": 0,
  "input_seq_length": 1,
  "min_history_length": 24,
  "train_windows": 200000,
  "val_windows": 50000,
  "train_positive": 11326,
  "train_negative": 188674,
  "val_positive": 2906,
  "val_negative": 47094,
  "test_windows": 830839,
  "test_positive": 47292,
  "test_negative": 783547,
  "train_total_loss": 1.2882824210357666,
  "train_auroc": 0.6014204867992629,
  "train_auprc": 0.08524470071292017,
  "val_total_loss": 1.3077101461791991,
  "val_bce": 1.2969263576889039,
  "val_auroc": 0.6091931320910916,
  "val_auprc": 0.0885343686194649,
  "val_recall": 0.36545079146593257,
  "val_precision": 0.08890005022601707,
  "test_total_loss": 1.3007921530220985,
  "test_auroc": 0.5954451867095826,
  "test_auprc": 0.08387480805779822,
  "test_recall": 0.0,
  "test_precision": 0.0,
  "test_sensitivity": 0.0,
  "test_specificity": 0.9999974475047444,
  "test_f1": NaN,
  "test_accuracy": 0.9430768175302315,
  "test_brier": 0.05329519583259337,
  "test_ece": 0.0012682112130218831,
  "test_mce": 0.5219738424448328,
  "test_log_loss": 0.21514825660618303,
  "test_raw_brier": 0.21009511895513847,
  "test_raw_ece": 0.3897516743403047,
  "test_raw_log_loss": 0.6122481169086971,
  "validation_platt_intercept": -2.6366225357882542,
  "validation_platt_slope": 0.9549442060810068,
  "calibration_method": "validation_only_platt",
  "best_epoch": 19,
  "actual_epochs": 20,
  "stopped_early": 0,
  "seconds": 603.8870903998613,
  "num_cross_rules": 6.0,
  "avg_rule_antecedents": 2.1666666666666665,
  "mean_rule_activation": 0.1665338728841146,
  "active_rule_fraction_gt_0_1": 0.24311666666666668,
  "mean_top_rule_activation": 0.8598773811340332,
  "rule_sparsity_loss": 10.84949016571045,
  "rule_drift_loss": 1.389491319656372,
  "rule_drift_normalized": 0.2478084221831523,
  "rule_concordance": 0.635232744080741,
  "nonnegative_weight_loss": 0.0,
  "negative_cross_rule_count": 0.0,
  "attention_entropy": 0.0,
  "attention_last_6h_mass": 1.0
}