{
  "comparison_mode": "equal_sample",
  "protocol_sha256": "47629531beb32b3d2022e37471835ca592d7779197b7fe3696ee1cc8fc3ad184",
  "target_col": "label_sofa_increase_ge2_6h",
  "horizon_hours": 6,
  "seed": 52,
  "variant": "missingness_only",
  "display_name": "Missingness-only Temporal FNN",
  "expert_init": 1,
  "temporal_design": 1,
  "clinical_consistency": 1,
  "explicit_temporal_features": 1,
  "input_mask_mode": "missingness_only",
  "input_seq_length": 24,
  "min_history_length": 24,
  "train_windows": 200000,
  "val_windows": 50000,
  "train_positive": 11326,
  "train_negative": 188674,
  "val_positive": 2906,
  "val_negative": 47094,
  "test_windows": 830839,
  "test_positive": 47292,
  "test_negative": 783547,
  "train_total_loss": 1.290869432029724,
  "train_auroc": 0.5914428693411514,
  "train_auprc": 0.08482910761665363,
  "val_total_loss": 1.3002555078125,
  "val_bce": 1.2911141781997681,
  "val_auroc": 0.600722059709782,
  "val_auprc": 0.09213656742514002,
  "val_recall": 0.5884377150722643,
  "val_precision": 0.07733357452966715,
  "test_total_loss": 1.2900653968052764,
  "test_auroc": 0.5954300752975489,
  "test_auprc": 0.09039899223712065,
  "test_recall": 2.114522540810285e-05,
  "test_precision": 0.05263157894736842,
  "test_sensitivity": 2.114522540810285e-05,
  "test_specificity": 0.9999770275427,
  "test_f1": 4.227346705840079e-05,
  "test_accuracy": 0.9430587634908809,
  "test_brier": 0.053162836627972464,
  "test_ece": 0.001849389694985162,
  "test_mce": 0.465730308210908,
  "test_log_loss": 0.21459280777639142,
  "test_raw_brier": 0.24378203228308404,
  "test_raw_ece": 0.4335244884362766,
  "test_raw_log_loss": 0.6811994970282232,
  "validation_platt_intercept": -2.8056519770145436,
  "validation_platt_slope": 1.1852517637489366,
  "calibration_method": "validation_only_platt",
  "best_epoch": 20,
  "actual_epochs": 20,
  "stopped_early": 0,
  "seconds": 1099.7169119999744,
  "num_cross_rules": 6.0,
  "avg_rule_antecedents": 2.1666666666666665,
  "mean_rule_activation": 0.16662310228135851,
  "active_rule_fraction_gt_0_1": 0.3333333333333333,
  "mean_top_rule_activation": 0.7049053510538738,
  "rule_sparsity_loss": 4.328290939331055,
  "rule_drift_loss": 1.7338955402374268,
  "rule_drift_normalized": 0.2408891048051373,
  "rule_concordance": NaN,
  "nonnegative_weight_loss": 0.0,
  "negative_cross_rule_count": 0.0,
  "attention_entropy": 0.9999999403381348,
  "attention_last_6h_mass": 0.25
}