{
  "comparison_mode": "equal_sample",
  "protocol_sha256": "47629531beb32b3d2022e37471835ca592d7779197b7fe3696ee1cc8fc3ad184",
  "target_col": "label_sofa_increase_ge2_6h",
  "horizon_hours": 6,
  "seed": 42,
  "variant": "observation_24h_explicit",
  "display_name": "FNN (24h, explicit temporal features)",
  "expert_init": 1,
  "temporal_design": 1,
  "clinical_consistency": 1,
  "explicit_temporal_features": 1,
  "input_seq_length": 24,
  "min_history_length": 24,
  "train_windows": 200000,
  "val_windows": 50000,
  "train_positive": 11326,
  "train_negative": 188674,
  "val_positive": 2906,
  "val_negative": 47094,
  "test_windows": 830839,
  "test_positive": 47292,
  "test_negative": 783547,
  "train_total_loss": 1.2578050890731811,
  "train_auroc": 0.6406560996709676,
  "train_auprc": 0.10579461505822779,
  "val_total_loss": 1.2888497718811036,
  "val_bce": 1.2780957746505737,
  "val_auroc": 0.6400634030879536,
  "val_auprc": 0.10968985957515331,
  "val_recall": 0.3860977288368892,
  "val_precision": 0.10716332378223496,
  "test_total_loss": 1.280519833713278,
  "test_auroc": 0.6317321986532929,
  "test_auprc": 0.10543030668002976,
  "test_recall": 0.3709929797851645,
  "test_precision": 0.10116590169984085,
  "test_sensitivity": 0.3709929797851645,
  "test_specificity": 0.801054691039593,
  "test_f1": 0.15897970279086626,
  "test_accuracy": 0.776575245023404,
  "test_brier": 0.1901819143762076,
  "test_ece": 0.36204193282797387,
  "test_mce": 0.6584362453884549,
  "test_log_loss": 0.5694913637158696,
  "best_epoch": 19,
  "actual_epochs": 20,
  "stopped_early": 0,
  "seconds": 405.8902328996919,
  "num_cross_rules": 6.0,
  "avg_rule_antecedents": 2.1666666666666665,
  "mean_rule_activation": 0.1647226079644097,
  "active_rule_fraction_gt_0_1": 0.22405694444444443,
  "mean_top_rule_activation": 0.8834024300130209,
  "rule_sparsity_loss": 14.595560073852539,
  "rule_drift_loss": 0.9132329225540161,
  "nonnegative_weight_loss": 0.0007608006708323956,
  "negative_cross_rule_count": 0.0,
  "attention_entropy": 0.9820830310058594,
  "attention_last_6h_mass": 0.2502122540283203,
  "observation_window_hours": 24,
  "feature_design": "explicit"
}