{
  "comparison_mode": "equal_sample",
  "protocol_sha256": "47629531beb32b3d2022e37471835ca592d7779197b7fe3696ee1cc8fc3ad184",
  "target_col": "label_sofa_increase_ge2_6h",
  "horizon_hours": 6,
  "seed": 52,
  "variant": "observation_4h_explicit",
  "display_name": "FNN (4h, explicit temporal features)",
  "expert_init": 1,
  "temporal_design": 1,
  "clinical_consistency": 1,
  "explicit_temporal_features": 1,
  "input_seq_length": 4,
  "min_history_length": 24,
  "train_windows": 200000,
  "val_windows": 50000,
  "train_positive": 11326,
  "train_negative": 188674,
  "val_positive": 2906,
  "val_negative": 47094,
  "test_windows": 830839,
  "test_positive": 47292,
  "test_negative": 783547,
  "train_total_loss": 1.2652020847320558,
  "train_auroc": 0.6299455824147914,
  "train_auprc": 0.09600214463622952,
  "val_total_loss": 1.2816550709533692,
  "val_bce": 1.2746850424194336,
  "val_auroc": 0.62827655885897,
  "val_auprc": 0.09783428025844375,
  "val_recall": 0.5464556090846524,
  "val_precision": 0.08466172628885216,
  "test_total_loss": 1.2739707533615734,
  "test_auroc": 0.6207305955436755,
  "test_auprc": 0.09464024406472364,
  "test_recall": 0.5373847585215258,
  "test_precision": 0.08146687823564296,
  "test_sensitivity": 0.5373847585215258,
  "test_specificity": 0.6343027284898034,
  "test_f1": 0.14148482798742926,
  "test_accuracy": 0.6287860825021454,
  "test_brier": 0.23521827439181242,
  "test_ece": 0.418719288900098,
  "test_mce": 0.6285933689154622,
  "test_log_loss": 0.66450303021187,
  "best_epoch": 20,
  "actual_epochs": 20,
  "stopped_early": 0,
  "seconds": 288.21849000034854,
  "num_cross_rules": 6.0,
  "avg_rule_antecedents": 2.1666666666666665,
  "mean_rule_activation": 0.16515071248372395,
  "active_rule_fraction_gt_0_1": 0.2153775,
  "mean_top_rule_activation": 0.8975220727539063,
  "rule_sparsity_loss": 14.084869384765625,
  "rule_drift_loss": 1.0119938850402832,
  "nonnegative_weight_loss": 0.0,
  "negative_cross_rule_count": 0.0,
  "attention_entropy": 0.9764432849121094,
  "attention_last_6h_mass": 1.0,
  "observation_window_hours": 4,
  "feature_design": "explicit"
}