{
  "comparison_mode": "equal_sample",
  "protocol_sha256": "47629531beb32b3d2022e37471835ca592d7779197b7fe3696ee1cc8fc3ad184",
  "target_col": "label_sofa_increase_ge2_6h",
  "horizon_hours": 6,
  "seed": 52,
  "variant": "no_consistency",
  "display_name": "Temporal FNN without clinical consistency regularization",
  "expert_init": 1,
  "temporal_design": 1,
  "clinical_consistency": 0,
  "explicit_temporal_features": 1,
  "input_seq_length": 24,
  "min_history_length": 24,
  "train_windows": 200000,
  "val_windows": 50000,
  "train_positive": 11326,
  "train_negative": 188674,
  "val_positive": 2906,
  "val_negative": 47094,
  "test_windows": 830839,
  "test_positive": 47292,
  "test_negative": 783547,
  "train_total_loss": 1.2573141100692748,
  "train_auroc": 0.6465926903085758,
  "train_auprc": 0.11653468243741637,
  "val_total_loss": 1.2855950825119018,
  "val_bce": 1.2676356091308594,
  "val_auroc": 0.6541752637116419,
  "val_auprc": 0.12482335001053414,
  "val_recall": 0.36373021335168615,
  "val_precision": 0.11371705217859064,
  "test_total_loss": 1.2786185142207909,
  "test_auroc": 0.6449853077300105,
  "test_auprc": 0.12290174147617727,
  "test_recall": 0.002770024528461473,
  "test_precision": 0.4746376811594203,
  "test_sensitivity": 0.002770024528461473,
  "test_specificity": 0.9998149440939726,
  "test_f1": 0.005507904473595694,
  "test_accuracy": 0.9430623742987511,
  "test_brier": 0.052310675430324416,
  "test_ece": 0.0012304473964534141,
  "test_mce": 0.90762227587533,
  "test_log_loss": 0.2094350760956131,
  "test_raw_brier": 0.17909146410184149,
  "test_raw_ece": 0.346149814282365,
  "test_raw_log_loss": 0.5455549756779751,
  "validation_platt_intercept": -2.4952210466357383,
  "validation_platt_slope": 1.0545750304194321,
  "calibration_method": "validation_only_platt",
  "best_epoch": 17,
  "actual_epochs": 20,
  "stopped_early": 0,
  "seconds": 734.8328237002715,
  "num_cross_rules": 6.0,
  "avg_rule_antecedents": 2.1666666666666665,
  "mean_rule_activation": 0.16574644972059463,
  "active_rule_fraction_gt_0_1": 0.23411527777777777,
  "mean_top_rule_activation": 0.8716142643229167,
  "rule_sparsity_loss": 10.587806701660156,
  "rule_drift_loss": 1.239540696144104,
  "rule_drift_normalized": 0.22140013903263026,
  "rule_concordance": 0.4579625670408792,
  "nonnegative_weight_loss": 0.0018317491048946977,
  "negative_cross_rule_count": 0.0,
  "attention_entropy": 0.9929118081665039,
  "attention_last_6h_mass": 0.250320945854187
}