{
  "feature_order": [
    "heart_rate",
    "respiratory_rate",
    "spo2",
    "fio2",
    "temperature_c",
    "sbp",
    "gcs_total",
    "map",
    "pao2_fio2",
    "platelets",
    "bilirubin",
    "creatinine",
    "lactate"
  ],
  "scaling": {
    "mean": [
      85.45553588867188,
      20.090625762939453,
      96.22496795654297,
      0.3899538218975067,
      35.672725677490234,
      120.20145416259766,
      12.291828155517578,
      79.20714569091797,
      327.8018493652344,
      217.4933624267578,
      1.6988308429718018,
      1.4352929592132568,
      1.510699987411499
    ],
    "std": [
      18.065738677978516,
      5.89855432510376,
      3.3998336791992188,
      0.17904093861579895,
      1.3948510885238647,
      22.094390869140625,
      3.8928444385528564,
      15.764798164367676,
      154.38307189941406,
      124.83428955078125,
      4.054073333740234,
      1.4068951606750488,
      1.1529064178466797
    ]
  }
}