{
  "feature_order": [
    "heart_rate",
    "respiratory_rate",
    "spo2",
    "fio2",
    "temperature_c",
    "sbp",
    "gcs_total",
    "map",
    "pao2_fio2",
    "platelets",
    "bilirubin",
    "creatinine",
    "lactate",
    "heart_rate_is_missing",
    "respiratory_rate_is_missing",
    "spo2_is_missing",
    "fio2_is_missing",
    "temperature_c_is_missing",
    "sbp_is_missing",
    "gcs_total_is_missing",
    "map_is_missing",
    "pao2_fio2_is_missing",
    "platelets_is_missing",
    "bilirubin_is_missing",
    "creatinine_is_missing",
    "lactate_is_missing",
    "heart_rate_time_since_last_measurement_h",
    "respiratory_rate_time_since_last_measurement_h",
    "spo2_time_since_last_measurement_h",
    "fio2_time_since_last_measurement_h",
    "temperature_c_time_since_last_measurement_h",
    "sbp_time_since_last_measurement_h",
    "gcs_total_time_since_last_measurement_h",
    "map_time_since_last_measurement_h",
    "pao2_fio2_time_since_last_measurement_h",
    "platelets_time_since_last_measurement_h",
    "bilirubin_time_since_last_measurement_h",
    "creatinine_time_since_last_measurement_h",
    "lactate_time_since_last_measurement_h"
  ],
  "scaling": {
    "mean": [
      85.45553588867188,
      20.090625762939453,
      96.22496795654297,
      0.3899538218975067,
      35.672725677490234,
      120.20145416259766,
      12.291828155517578,
      79.20714569091797,
      327.8018493652344,
      217.4933624267578,
      1.6988308429718018,
      1.4352929592132568,
      1.510699987411499,
      0.06097318232059479,
      0.07414867728948593,
      0.0804181843996048,
      0.8670943379402161,
      0.7179856896400452,
      0.13373316824436188,
      0.740911066532135,
      0.13344109058380127,
      0.983690083026886,
      0.9370187520980835,
      0.9807418584823608,
      0.9307863712310791,
      0.9626988768577576,
      1.0641554594039917,
      1.253792405128479,
      1.1920464038848877,
      26.55881118774414,
      3.90492582321167,
      2.695967197418213,
      3.212087631225586,
      2.6968395709991455,
      59.897212982177734,
      10.70143985748291,
      51.771453857421875,
      9.641877174377441,
      49.42521667480469
    ],
    "std": [
      18.065738677978516,
      5.89855432510376,
      3.3998336791992188,
      0.17904093861579895,
      1.3948510885238647,
      22.094390869140625,
      3.8928444385528564,
      15.764798164367676,
      154.38307189941406,
      124.83428955078125,
      4.054073333740234,
      1.4068951606750488,
      1.1529064178466797,
      0.2328900843858719,
      0.2553407549858093,
      0.26443442702293396,
      0.339202880859375,
      0.44442540407180786,
      0.339934766292572,
      0.4396347403526306,
      0.3396548628807068,
      0.12579132616519928,
      0.23915694653987885,
      0.13616827130317688,
      0.24876029789447784,
      0.18647955358028412,
      33.2546272277832,
      33.391197204589844,
      33.479576110839844,
      66.55831909179688,
      36.061744689941406,
      36.3038330078125,
      33.48980712890625,
      36.310997009277344,
      96.26261901855469,
      38.16171646118164,
      86.5654296875,
      36.77657699584961,
      87.65825653076172
    ]
  }
}