{
  "comparison_mode": "equal_sample",
  "protocol_sha256": "47629531beb32b3d2022e37471835ca592d7779197b7fe3696ee1cc8fc3ad184",
  "target_col": "label_sofa_increase_ge2_6h",
  "horizon_hours": 6,
  "seed": 52,
  "variant": "observation_6h_explicit",
  "display_name": "FNN (6h, explicit temporal features)",
  "expert_init": 1,
  "temporal_design": 1,
  "clinical_consistency": 1,
  "explicit_temporal_features": 1,
  "input_seq_length": 6,
  "min_history_length": 24,
  "train_windows": 200000,
  "val_windows": 50000,
  "train_positive": 11326,
  "train_negative": 188674,
  "val_positive": 2906,
  "val_negative": 47094,
  "test_windows": 830839,
  "test_positive": 47292,
  "test_negative": 783547,
  "train_total_loss": 1.26443770652771,
  "train_auroc": 0.6304568302006742,
  "train_auprc": 0.09554441017692557,
  "val_total_loss": 1.2789106332015991,
  "val_bce": 1.2722451853179932,
  "val_auroc": 0.6318584003158259,
  "val_auprc": 0.0981721908964137,
  "val_recall": 0.5478320715760495,
  "val_precision": 0.08481619605753862,
  "test_total_loss": 1.2729506798288714,
  "test_auroc": 0.6221501710127402,
  "test_auprc": 0.09444694019382212,
  "test_recall": 0.5375750655501987,
  "test_precision": 0.08171944159613759,
  "test_sensitivity": 0.5375750655501987,
  "test_specificity": 0.635404130192573,
  "test_f1": 0.1418721905840795,
  "test_accuracy": 0.629835623989726,
  "test_brier": 0.23390354119242807,
  "test_ece": 0.4170070823740123,
  "test_mce": 0.6373089378027752,
  "test_log_loss": 0.6616806597378474,
  "best_epoch": 20,
  "actual_epochs": 20,
  "stopped_early": 0,
  "seconds": 296.45062590017915,
  "num_cross_rules": 6.0,
  "avg_rule_antecedents": 2.1666666666666665,
  "mean_rule_activation": 0.16544898491753474,
  "active_rule_fraction_gt_0_1": 0.21222444444444444,
  "mean_top_rule_activation": 0.9070953743489584,
  "rule_sparsity_loss": 13.799922943115234,
  "rule_drift_loss": 1.036505103111267,
  "nonnegative_weight_loss": 0.0,
  "negative_cross_rule_count": 0.0,
  "attention_entropy": 0.9748674853515625,
  "attention_last_6h_mass": 1.0,
  "observation_window_hours": 6,
  "feature_design": "explicit"
}