{
  "comparison_mode": "equal_sample",
  "protocol_sha256": "47629531beb32b3d2022e37471835ca592d7779197b7fe3696ee1cc8fc3ad184",
  "target_col": "label_sofa_increase_ge2_6h",
  "horizon_hours": 6,
  "seed": 72,
  "variant": "full",
  "display_name": "Full Knowledge-Guided Temporal FNN",
  "expert_init": 1,
  "temporal_design": 1,
  "clinical_consistency": 1,
  "explicit_temporal_features": 1,
  "input_seq_length": 24,
  "min_history_length": 24,
  "train_windows": 200000,
  "val_windows": 50000,
  "train_positive": 11326,
  "train_negative": 188674,
  "val_positive": 2906,
  "val_negative": 47094,
  "test_windows": 830839,
  "test_positive": 47292,
  "test_negative": 783547,
  "train_total_loss": 1.254914603881836,
  "train_auroc": 0.6488162074110675,
  "train_auprc": 0.11707706199926685,
  "val_total_loss": 1.278457826576233,
  "val_bce": 1.2606315524673462,
  "val_auroc": 0.6543989527497844,
  "val_auprc": 0.12185016484011334,
  "val_recall": 0.4101858224363386,
  "val_precision": 0.10721352761288001,
  "test_total_loss": 1.2726459786149165,
  "test_auroc": 0.6435066761094699,
  "test_auprc": 0.1217560499196398,
  "test_recall": 0.0026220079506047533,
  "test_precision": 0.4732824427480916,
  "test_sensitivity": 0.0026220079506047533,
  "test_specificity": 0.999823877827367,
  "test_f1": 0.005215123859191656,
  "test_accuracy": 0.9430623742987511,
  "test_brier": 0.05233992014746271,
  "test_ece": 0.0013239365079314382,
  "test_mce": 0.9201958809075261,
  "test_log_loss": 0.20959330325420625,
  "test_raw_brier": 0.18951047153273937,
  "test_raw_ece": 0.3595459094986658,
  "test_raw_log_loss": 0.567954015257591,
  "validation_platt_intercept": -2.5709510142229144,
  "validation_platt_slope": 0.9995198574353809,
  "calibration_method": "validation_only_platt",
  "best_epoch": 18,
  "actual_epochs": 20,
  "stopped_early": 0,
  "seconds": 796.7660562996753,
  "num_cross_rules": 6.0,
  "avg_rule_antecedents": 2.1666666666666665,
  "mean_rule_activation": 0.1660264064195421,
  "active_rule_fraction_gt_0_1": 0.2373377777777778,
  "mean_top_rule_activation": 0.868292753499349,
  "rule_sparsity_loss": 10.788114547729492,
  "rule_drift_loss": 1.2920715808868408,
  "rule_drift_normalized": 0.22792284111783373,
  "rule_concordance": 0.5775627799328862,
  "nonnegative_weight_loss": 0.0016715106321498752,
  "negative_cross_rule_count": 0.0,
  "attention_entropy": 0.9949987310791015,
  "attention_last_6h_mass": 0.25040307891845703
}