{
  "comparison_mode": "equal_sample",
  "protocol_sha256": "47629531beb32b3d2022e37471835ca592d7779197b7fe3696ee1cc8fc3ad184",
  "target_col": "label_sofa_increase_ge2_6h",
  "horizon_hours": 6,
  "seed": 82,
  "variant": "full",
  "display_name": "Full Knowledge-Guided Temporal FNN",
  "expert_init": 1,
  "temporal_design": 1,
  "clinical_consistency": 1,
  "explicit_temporal_features": 1,
  "input_seq_length": 24,
  "min_history_length": 24,
  "train_windows": 200000,
  "val_windows": 50000,
  "train_positive": 11326,
  "train_negative": 188674,
  "val_positive": 2906,
  "val_negative": 47094,
  "test_windows": 830839,
  "test_positive": 47292,
  "test_negative": 783547,
  "train_total_loss": 1.2560735247802735,
  "train_auroc": 0.6474018259360445,
  "train_auprc": 0.11692560611603678,
  "val_total_loss": 1.2663910995483398,
  "val_bce": 1.2487869358444215,
  "val_auroc": 0.6537256387343923,
  "val_auprc": 0.12500515934443848,
  "val_recall": 0.5564349621472815,
  "val_precision": 0.09381527036435368,
  "test_total_loss": 1.26280764065345,
  "test_auroc": 0.6410437105614419,
  "test_auprc": 0.12209662887717868,
  "test_recall": 0.003510107417745073,
  "test_precision": 0.5236593059936908,
  "test_sensitivity": 0.003510107417745073,
  "test_specificity": 0.9998072866082061,
  "test_f1": 0.00697347140246592,
  "test_accuracy": 0.9430972787748289,
  "test_brier": 0.05233829285793579,
  "test_ece": 0.0011438549603319775,
  "test_mce": 0.9193636689687795,
  "test_log_loss": 0.20975133882984442,
  "test_raw_brier": 0.2256155306330667,
  "test_raw_ece": 0.4079798627495804,
  "test_raw_log_loss": 0.6448835322055848,
  "validation_platt_intercept": -2.7700641559447328,
  "validation_platt_slope": 1.0814909935995716,
  "calibration_method": "validation_only_platt",
  "best_epoch": 18,
  "actual_epochs": 20,
  "stopped_early": 0,
  "seconds": 791.013943800237,
  "num_cross_rules": 6.0,
  "avg_rule_antecedents": 2.1666666666666665,
  "mean_rule_activation": 0.16567057335747612,
  "active_rule_fraction_gt_0_1": 0.23433291666666667,
  "mean_top_rule_activation": 0.8719637187703451,
  "rule_sparsity_loss": 10.605862617492676,
  "rule_drift_loss": 1.254212737083435,
  "rule_drift_normalized": 0.22018251069530378,
  "rule_concordance": 0.4279447438529099,
  "nonnegative_weight_loss": 0.0,
  "negative_cross_rule_count": 0.0,
  "attention_entropy": 0.996856220703125,
  "attention_last_6h_mass": 0.25022115989685056
}