{
  "comparison_mode": "equal_sample",
  "protocol_sha256": "47629531beb32b3d2022e37471835ca592d7779197b7fe3696ee1cc8fc3ad184",
  "target_col": "label_sofa_increase_ge2_6h",
  "horizon_hours": 6,
  "seed": 42,
  "variant": "observation_4h_explicit",
  "display_name": "FNN (4h, explicit temporal features)",
  "expert_init": 1,
  "temporal_design": 1,
  "clinical_consistency": 1,
  "explicit_temporal_features": 1,
  "input_seq_length": 4,
  "min_history_length": 24,
  "train_windows": 200000,
  "val_windows": 50000,
  "train_positive": 11326,
  "train_negative": 188674,
  "val_positive": 2906,
  "val_negative": 47094,
  "test_windows": 830839,
  "test_positive": 47292,
  "test_negative": 783547,
  "train_total_loss": 1.2689756882476806,
  "train_auroc": 0.6276055713400572,
  "train_auprc": 0.09515362621009996,
  "val_total_loss": 1.294850923538208,
  "val_bce": 1.285846831893921,
  "val_auroc": 0.6265113825006998,
  "val_auprc": 0.09701272336943087,
  "val_recall": 0.3991741225051617,
  "val_precision": 0.09619371423832822,
  "test_total_loss": 1.2848724204533506,
  "test_auroc": 0.6204003595479403,
  "test_auprc": 0.0941850288494451,
  "test_recall": 0.38905100228368433,
  "test_precision": 0.09145768609419659,
  "test_sensitivity": 0.38905100228368433,
  "test_specificity": 0.7667325635858474,
  "test_f1": 0.14810015012053915,
  "test_accuracy": 0.7452346363134134,
  "test_brier": 0.20142134289419095,
  "test_ece": 0.3764005767959672,
  "test_mce": 0.6117101238326372,
  "test_log_loss": 0.5933819748160462,
  "best_epoch": 18,
  "actual_epochs": 20,
  "stopped_early": 0,
  "seconds": 283.201478399802,
  "num_cross_rules": 6.0,
  "avg_rule_antecedents": 2.1666666666666665,
  "mean_rule_activation": 0.16553180521647134,
  "active_rule_fraction_gt_0_1": 0.21167333333333332,
  "mean_top_rule_activation": 0.9093965002441406,
  "rule_sparsity_loss": 14.37034797668457,
  "rule_drift_loss": 0.9859351515769958,
  "nonnegative_weight_loss": 0.0006378741818480194,
  "negative_cross_rule_count": 0.0,
  "attention_entropy": 0.9825564318847656,
  "attention_last_6h_mass": 1.0,
  "observation_window_hours": 4,
  "feature_design": "explicit"
}