{
  "comparison_mode": "equal_sample",
  "protocol_sha256": "47629531beb32b3d2022e37471835ca592d7779197b7fe3696ee1cc8fc3ad184",
  "target_col": "label_sofa_increase_ge2_6h",
  "horizon_hours": 6,
  "seed": 42,
  "variant": "no_consistency",
  "display_name": "Temporal FNN without clinical consistency regularization",
  "expert_init": 1,
  "temporal_design": 1,
  "clinical_consistency": 0,
  "explicit_temporal_features": 1,
  "input_seq_length": 24,
  "min_history_length": 24,
  "train_windows": 200000,
  "val_windows": 50000,
  "train_positive": 11326,
  "train_negative": 188674,
  "val_positive": 2906,
  "val_negative": 47094,
  "test_windows": 830839,
  "test_positive": 47292,
  "test_negative": 783547,
  "train_total_loss": 1.2579580277252198,
  "train_auroc": 0.646619301952494,
  "train_auprc": 0.1176321222631648,
  "val_total_loss": 1.2654957693481446,
  "val_bce": 1.2464145344161988,
  "val_auroc": 0.6562040472217767,
  "val_auprc": 0.12380281492902924,
  "val_recall": 0.6046111493461803,
  "val_precision": 0.0890883277558057,
  "test_total_loss": 1.2615995710253203,
  "test_auroc": 0.6446624199002774,
  "test_auprc": 0.12343155854886623,
  "test_recall": 0.0032352194874397363,
  "test_precision": 0.5368421052631579,
  "test_sensitivity": 0.0032352194874397363,
  "test_specificity": 0.9998315353131337,
  "test_f1": 0.006431679172709502,
  "test_accuracy": 0.943104500390569,
  "test_brier": 0.05229860428569524,
  "test_ece": 0.0013393342689690805,
  "test_mce": 0.9561694872893889,
  "test_log_loss": 0.20942793664144413,
  "test_raw_brier": 0.23708799211155504,
  "test_raw_ece": 0.4218956200318214,
  "test_raw_log_loss": 0.6688296485220697,
  "validation_platt_intercept": -2.8352088230542623,
  "validation_platt_slope": 1.103549732482805,
  "calibration_method": "validation_only_platt",
  "best_epoch": 15,
  "actual_epochs": 20,
  "stopped_early": 1,
  "seconds": 749.8437148998491,
  "num_cross_rules": 6.0,
  "avg_rule_antecedents": 2.1666666666666665,
  "mean_rule_activation": 0.16598642333984376,
  "active_rule_fraction_gt_0_1": 0.23862291666666666,
  "mean_top_rule_activation": 0.866302497660319,
  "rule_sparsity_loss": 12.047452926635742,
  "rule_drift_loss": 1.1313337087631226,
  "rule_drift_normalized": 0.21587101990298835,
  "rule_concordance": 0.6729118001627383,
  "nonnegative_weight_loss": 0.0,
  "negative_cross_rule_count": 0.0,
  "attention_entropy": 0.9931060464477539,
  "attention_last_6h_mass": 0.250060705871582
}