{
  "comparison_mode": "equal_sample",
  "protocol_sha256": "47629531beb32b3d2022e37471835ca592d7779197b7fe3696ee1cc8fc3ad184",
  "target_col": "label_sofa_increase_ge2_6h",
  "horizon_hours": 6,
  "seed": 52,
  "variant": "observation_24h_explicit",
  "display_name": "FNN (24h, explicit temporal features)",
  "expert_init": 1,
  "temporal_design": 1,
  "clinical_consistency": 1,
  "explicit_temporal_features": 1,
  "input_seq_length": 24,
  "min_history_length": 24,
  "train_windows": 200000,
  "val_windows": 50000,
  "train_positive": 11326,
  "train_negative": 188674,
  "val_positive": 2906,
  "val_negative": 47094,
  "test_windows": 830839,
  "test_positive": 47292,
  "test_negative": 783547,
  "train_total_loss": 1.256114344329834,
  "train_auroc": 0.6428820801299505,
  "train_auprc": 0.10700073790889322,
  "val_total_loss": 1.2719718396759032,
  "val_bce": 1.2612730286026002,
  "val_auroc": 0.6424009546325925,
  "val_auprc": 0.11144926428761875,
  "val_recall": 0.5646937370956642,
  "val_precision": 0.08991288148594598,
  "test_total_loss": 1.2651617449333392,
  "test_auroc": 0.6343908657996128,
  "test_auprc": 0.10697767300571964,
  "test_recall": 0.540302799627844,
  "test_precision": 0.08536198331646272,
  "test_sensitivity": 0.540302799627844,
  "test_specificity": 0.6505825432296978,
  "test_f1": 0.1474314036044301,
  "test_accuracy": 0.6443053347279075,
  "test_brier": 0.22970383028210573,
  "test_ece": 0.41261691859481564,
  "test_mce": 0.6560514796136031,
  "test_log_loss": 0.652936274150523,
  "best_epoch": 20,
  "actual_epochs": 20,
  "stopped_early": 0,
  "seconds": 390.5390387000516,
  "num_cross_rules": 6.0,
  "avg_rule_antecedents": 2.1666666666666665,
  "mean_rule_activation": 0.16477293918185765,
  "active_rule_fraction_gt_0_1": 0.21864263888888888,
  "mean_top_rule_activation": 0.8894873063151042,
  "rule_sparsity_loss": 14.265579223632812,
  "rule_drift_loss": 0.9309009909629822,
  "nonnegative_weight_loss": 0.0006195390014909208,
  "negative_cross_rule_count": 0.0,
  "attention_entropy": 0.9733274951171875,
  "attention_last_6h_mass": 0.2499138803100586,
  "observation_window_hours": 24,
  "feature_design": "explicit"
}