{
  "comparison_mode": "equal_sample",
  "protocol_sha256": "47629531beb32b3d2022e37471835ca592d7779197b7fe3696ee1cc8fc3ad184",
  "target_col": "label_sofa_increase_ge2_6h",
  "horizon_hours": 6,
  "seed": 42,
  "variant": "observation_24h_sequence_only",
  "display_name": "FNN (24h, sequence-only temporal attention)",
  "expert_init": 1,
  "temporal_design": 1,
  "clinical_consistency": 1,
  "explicit_temporal_features": 0,
  "input_seq_length": 24,
  "min_history_length": 24,
  "train_windows": 200000,
  "val_windows": 50000,
  "train_positive": 11326,
  "train_negative": 188674,
  "val_positive": 2906,
  "val_negative": 47094,
  "test_windows": 830839,
  "test_positive": 47292,
  "test_negative": 783547,
  "train_total_loss": 1.2873719149398803,
  "train_auroc": 0.5882611327695033,
  "train_auprc": 0.07764950688615571,
  "val_total_loss": 1.3041603974151612,
  "val_bce": 1.3023899286270142,
  "val_auroc": 0.5896077768757049,
  "val_auprc": 0.0792784436327143,
  "val_recall": 0.5278733654507914,
  "val_precision": 0.07887700534759358,
  "test_total_loss": 1.2966497384740798,
  "test_auroc": 0.5780612640832964,
  "test_auprc": 0.0747529128581898,
  "test_recall": 0.490336631988497,
  "test_precision": 0.0723103836451119,
  "test_sensitivity": 0.490336631988497,
  "test_specificity": 0.6203188832322758,
  "test_f1": 0.12603436609154328,
  "test_accuracy": 0.6129201927208521,
  "test_brier": 0.24379735055437915,
  "test_ece": 0.43169469396624505,
  "test_mce": 0.7353592795122909,
  "test_log_loss": 0.6814017142992901,
  "best_epoch": 20,
  "actual_epochs": 20,
  "stopped_early": 0,
  "seconds": 374.8083383999765,
  "num_cross_rules": 6.0,
  "avg_rule_antecedents": 2.1666666666666665,
  "mean_rule_activation": 0.16273368923611112,
  "active_rule_fraction_gt_0_1": 0.21156125,
  "mean_top_rule_activation": 0.8917810888671875,
  "rule_sparsity_loss": 13.598555564880371,
  "rule_drift_loss": 1.0744088888168335,
  "nonnegative_weight_loss": 0.0,
  "negative_cross_rule_count": 0.0,
  "attention_entropy": 0.9862149694824218,
  "attention_last_6h_mass": 0.25006701324462893,
  "observation_window_hours": 24,
  "feature_design": "sequence_only"
}