{
  "comparison_mode": "equal_sample",
  "protocol_sha256": "47629531beb32b3d2022e37471835ca592d7779197b7fe3696ee1cc8fc3ad184",
  "target_col": "label_sofa_increase_ge2_6h",
  "horizon_hours": 6,
  "seed": 62,
  "variant": "observation_12h_explicit",
  "display_name": "FNN (12h, explicit temporal features)",
  "expert_init": 1,
  "temporal_design": 1,
  "clinical_consistency": 1,
  "explicit_temporal_features": 1,
  "input_seq_length": 12,
  "min_history_length": 24,
  "train_windows": 200000,
  "val_windows": 50000,
  "train_positive": 11326,
  "train_negative": 188674,
  "val_positive": 2906,
  "val_negative": 47094,
  "test_windows": 830839,
  "test_positive": 47292,
  "test_negative": 783547,
  "train_total_loss": 1.264003684158325,
  "train_auroc": 0.631127592720378,
  "train_auprc": 0.09542038867968199,
  "val_total_loss": 1.281354252319336,
  "val_bce": 1.2745293257141113,
  "val_auroc": 0.6298329707163991,
  "val_auprc": 0.09582327384128973,
  "val_recall": 0.6307639366827253,
  "val_precision": 0.08058914047043306,
  "test_total_loss": 1.2753890632452298,
  "test_auroc": 0.6207934521561369,
  "test_auprc": 0.09320973565201536,
  "test_recall": 0.6111393047449886,
  "test_precision": 0.07729874297940625,
  "test_sensitivity": 0.6111393047449886,
  "test_specificity": 0.5596971209129765,
  "test_f1": 0.13723907386655018,
  "test_accuracy": 0.5626252498979947,
  "test_brier": 0.25090519317163296,
  "test_ece": 0.4362239903849426,
  "test_mce": 0.6465609993221899,
  "test_log_loss": 0.6973872014113086,
  "best_epoch": 19,
  "actual_epochs": 20,
  "stopped_early": 0,
  "seconds": 321.5917416000739,
  "num_cross_rules": 6.0,
  "avg_rule_antecedents": 2.1666666666666665,
  "mean_rule_activation": 0.16464320203993055,
  "active_rule_fraction_gt_0_1": 0.22655,
  "mean_top_rule_activation": 0.87662416015625,
  "rule_sparsity_loss": 13.464935302734375,
  "rule_drift_loss": 1.0083458423614502,
  "nonnegative_weight_loss": 0.0,
  "negative_cross_rule_count": 0.0,
  "attention_entropy": 0.9581708483886718,
  "attention_last_6h_mass": 0.4990379718017578,
  "observation_window_hours": 12,
  "feature_design": "explicit"
}