{
  "comparison_mode": "equal_sample",
  "protocol_sha256": "47629531beb32b3d2022e37471835ca592d7779197b7fe3696ee1cc8fc3ad184",
  "target_col": "label_sofa_increase_ge2_6h",
  "horizon_hours": 6,
  "seed": 52,
  "variant": "observation_24h_sequence_only",
  "display_name": "FNN (24h, sequence-only temporal attention)",
  "expert_init": 1,
  "temporal_design": 1,
  "clinical_consistency": 1,
  "explicit_temporal_features": 0,
  "input_seq_length": 24,
  "min_history_length": 24,
  "train_windows": 200000,
  "val_windows": 50000,
  "train_positive": 11326,
  "train_negative": 188674,
  "val_positive": 2906,
  "val_negative": 47094,
  "test_windows": 830839,
  "test_positive": 47292,
  "test_negative": 783547,
  "train_total_loss": 1.286951491355896,
  "train_auroc": 0.5892228259269641,
  "train_auprc": 0.07802373531797904,
  "val_total_loss": 1.3031424578094482,
  "val_bce": 1.3013490687179565,
  "val_auroc": 0.5900476543216155,
  "val_auprc": 0.07985823230228632,
  "val_recall": 0.5502408809359945,
  "val_precision": 0.07423742977854125,
  "test_total_loss": 1.2960559192096033,
  "test_auroc": 0.5790108554398866,
  "test_auprc": 0.07509073040305596,
  "test_recall": 0.5336843440751078,
  "test_precision": 0.07123503412304619,
  "test_sensitivity": 0.5336843440751078,
  "test_specificity": 0.5800290218710557,
  "test_f1": 0.1256928570361406,
  "test_accuracy": 0.5773910468815258,
  "test_brier": 0.2484344443808651,
  "test_ece": 0.43687635866143315,
  "test_mce": 0.7059083745159485,
  "test_log_loss": 0.6907701080576722,
  "best_epoch": 20,
  "actual_epochs": 20,
  "stopped_early": 0,
  "seconds": 373.9908342002891,
  "num_cross_rules": 6.0,
  "avg_rule_antecedents": 2.1666666666666665,
  "mean_rule_activation": 0.16091779215494792,
  "active_rule_fraction_gt_0_1": 0.19607986111111111,
  "mean_top_rule_activation": 0.9070676888020833,
  "rule_sparsity_loss": 13.514680862426758,
  "rule_drift_loss": 1.1010979413986206,
  "nonnegative_weight_loss": 0.0,
  "negative_cross_rule_count": 0.0,
  "attention_entropy": 0.979519375,
  "attention_last_6h_mass": 0.24962464904785156,
  "observation_window_hours": 24,
  "feature_design": "sequence_only"
}