{
  "windows": 6215890,
  "patients": 80239,
  "stays": 99262,
  "hospitals": 205,
  "prevalence": 0.04745080752716023,
  "raw": {
    "auroc": 0.622134298922451,
    "auprc": 0.09218263804996422,
    "accuracy": 0.6007163897688023,
    "precision": 0.06639062067521558,
    "recall": 0.567637116925299,
    "sensitivity": 0.567637116925299,
    "specificity": 0.6023642187956273,
    "f1": 0.1188773874581033,
    "brier": 0.24442607592484086,
    "log_loss": 0.6866351322819984,
    "prevalence": 0.04745080694556236,
    "ece": 0.43398671525406324,
    "mce": 0.6710488167549569,
    "calibration_intercept": -3.040977543319684,
    "calibration_slope": 0.7803176253227384
  },
  "mimic_calibrated": {
    "auroc": 0.622134298922451,
    "auprc": 0.09218263804996422,
    "accuracy": 0.9520705803995888,
    "precision": 0.3246906305244549,
    "recall": 0.009340597866071762,
    "sensitivity": 0.009340597866071762,
    "specificity": 0.9990322484213235,
    "f1": 0.018158808834870185,
    "brier": 0.04593563986446669,
    "log_loss": 0.19236407884996887,
    "prevalence": 0.04745080694556236,
    "ece": 0.026685150119925304,
    "mce": 0.32227505202601814,
    "calibration_intercept": -1.1273677342199744,
    "calibration_slope": 0.7319688485260113
  },
  "clustered_ci95": {
    "auroc": [
      0.6192343843265544,
      0.6248788090900306
    ],
    "auprc": [
      0.0902127555312328,
      0.09419943368352228
    ],
    "brier": [
      0.04549126699161025,
      0.04632179904002653
    ]
  },
  "fixed_specificity": [
    {
      "threshold": 0.09239141105155539,
      "sensitivity": 0.3772550508732018,
      "specificity": 0.789678194732898,
      "ppv": 0.08202353870854077,
      "npv": 0.9622008529595524,
      "f1": 0.13474956146538677,
      "threshold_source": "MIMIC validation specificity 0.90",
      "target_specificity": 0.9
    },
    {
      "threshold": 0.11640069612677208,
      "sensitivity": 0.26225550857944935,
      "specificity": 0.8818664127881024,
      "ppv": 0.09957596026848126,
      "npv": 0.9599937562924291,
      "f1": 0.14434534500631205,
      "threshold_source": "MIMIC validation specificity 0.95",
      "target_specificity": 0.95
    }
  ],
  "fixed_specificity_ci95": {
    "90": {
      "sensitivity": [
        0.37157405688920003,
        0.3827241040246877
      ],
      "specificity": [
        0.7868840288601416,
        0.7927524225691497
      ],
      "ppv": [
        0.0806908725393736,
        0.08313376905665838
      ],
      "npv": [
        0.9617470525619645,
        0.9626133291863255
      ],
      "f1": [
        0.13272545944873163,
        0.1364737125856868
      ]
    },
    "95": {
      "sensitivity": [
        0.2572450671103779,
        0.26723109906049086
      ],
      "specificity": [
        0.879666385211358,
        0.8843734180528773
      ],
      "ppv": [
        0.09795483319214143,
        0.1011514226768367
      ],
      "npv": [
        0.9595197152013678,
        0.9604311415351316
      ],
      "f1": [
        0.1422577409939328,
        0.14655784445599052
      ]
    }
  },
  "bootstrap_reps": 500,
  "bootstrap_unit": "subject_id",
  "checkpoint_sha256": "158427a5c358016f35b435b1ab5f75c7194a3ff3f9b6c9d68c5190a8a9125688",
  "checkpoint_best_epoch": 15,
  "no_eicu_fitting": true
}