{
  "comparison_mode": "equal_sample",
  "protocol_sha256": "47629531beb32b3d2022e37471835ca592d7779197b7fe3696ee1cc8fc3ad184",
  "target_col": "label_sofa_increase_ge2_6h",
  "horizon_hours": 6,
  "seed": 42,
  "variant": "no_missingness",
  "display_name": "Explicit KG-TFNN without missingness channels",
  "expert_init": 1,
  "temporal_design": 1,
  "clinical_consistency": 1,
  "explicit_temporal_features": 1,
  "input_mask_mode": "no_missingness",
  "input_seq_length": 24,
  "min_history_length": 24,
  "train_windows": 200000,
  "val_windows": 50000,
  "train_positive": 11326,
  "train_negative": 188674,
  "val_positive": 2906,
  "val_negative": 47094,
  "test_windows": 830839,
  "test_positive": 47292,
  "test_negative": 783547,
  "train_total_loss": 1.2860660862350464,
  "train_auroc": 0.6082372552079498,
  "train_auprc": 0.09029788865559898,
  "val_total_loss": 1.2966827461624146,
  "val_bce": 1.2825886503219603,
  "val_auroc": 0.6214742908787863,
  "val_auprc": 0.09180645337832631,
  "val_recall": 0.4580178940123882,
  "val_precision": 0.08829187396351576,
  "test_total_loss": 1.2954132164388195,
  "test_auroc": 0.6036533120951479,
  "test_auprc": 0.08746049009051338,
  "test_recall": 0.0,
  "test_precision": 0.0,
  "test_sensitivity": 0.0,
  "test_specificity": 0.9999936187618611,
  "test_f1": NaN,
  "test_accuracy": 0.9430732067223614,
  "test_brier": 0.05321537855102107,
  "test_ece": 0.0010986902066840532,
  "test_mce": 0.5320623414322723,
  "test_log_loss": 0.21457416875682025,
  "test_raw_brier": 0.22229540722316476,
  "test_raw_ece": 0.40416940924306993,
  "test_raw_log_loss": 0.6375218099811442,
  "validation_platt_intercept": -2.7065579028430777,
  "validation_platt_slope": 0.9690398471887496,
  "calibration_method": "validation_only_platt",
  "best_epoch": 17,
  "actual_epochs": 20,
  "stopped_early": 0,
  "seconds": 1191.7603676998988,
  "num_cross_rules": 6.0,
  "avg_rule_antecedents": 2.1666666666666665,
  "mean_rule_activation": 0.16666087081909178,
  "active_rule_fraction_gt_0_1": 0.22910305555555555,
  "mean_top_rule_activation": 0.869374507039388,
  "rule_sparsity_loss": 9.775493621826172,
  "rule_drift_loss": 1.33721125125885,
  "rule_drift_normalized": 0.23165888632647694,
  "rule_concordance": 0.7180359006366966,
  "nonnegative_weight_loss": 0.0,
  "negative_cross_rule_count": 0.0,
  "attention_entropy": 0.999448733215332,
  "attention_last_6h_mass": 0.2500141200256348
}