{
  "comparison_mode": "equal_sample",
  "protocol_sha256": "47629531beb32b3d2022e37471835ca592d7779197b7fe3696ee1cc8fc3ad184",
  "target_col": "label_sofa_increase_ge2_6h",
  "horizon_hours": 6,
  "seed": 62,
  "variant": "static_guideline",
  "display_name": "Guideline-guided FNN without temporal features",
  "expert_init": 1,
  "temporal_design": 0,
  "clinical_consistency": 0,
  "explicit_temporal_features": 0,
  "input_seq_length": 1,
  "min_history_length": 24,
  "train_windows": 200000,
  "val_windows": 50000,
  "train_positive": 11326,
  "train_negative": 188674,
  "val_positive": 2906,
  "val_negative": 47094,
  "test_windows": 830839,
  "test_positive": 47292,
  "test_negative": 783547,
  "train_total_loss": 1.2895026474761964,
  "train_auroc": 0.5999030540530926,
  "train_auprc": 0.08401356262327153,
  "val_total_loss": 1.3121703565597533,
  "val_bce": 1.3013804877853394,
  "val_auroc": 0.6086180131280979,
  "val_auprc": 0.08811003281469076,
  "val_recall": 0.3368891947694425,
  "val_precision": 0.09044715447154472,
  "test_total_loss": 1.3059833829083383,
  "test_auroc": 0.5947243611480649,
  "test_auprc": 0.08308039008676542,
  "test_recall": 0.0,
  "test_precision": 0.0,
  "test_sensitivity": 0.0,
  "test_specificity": 0.9999974475047444,
  "test_f1": NaN,
  "test_accuracy": 0.9430768175302315,
  "test_brier": 0.05331321925487249,
  "test_ece": 0.0012157844742285476,
  "test_mce": 0.5217951498697923,
  "test_log_loss": 0.21525484106719187,
  "test_raw_brier": 0.20220450735796433,
  "test_raw_ece": 0.37875793166337146,
  "test_raw_log_loss": 0.5957179071410657,
  "validation_platt_intercept": -2.605018848203728,
  "validation_platt_slope": 0.9057590079599719,
  "calibration_method": "validation_only_platt",
  "best_epoch": 15,
  "actual_epochs": 20,
  "stopped_early": 1,
  "seconds": 568.6600057999603,
  "num_cross_rules": 6.0,
  "avg_rule_antecedents": 2.1666666666666665,
  "mean_rule_activation": 0.1665362389119466,
  "active_rule_fraction_gt_0_1": 0.22658,
  "mean_top_rule_activation": 0.8862155694580078,
  "rule_sparsity_loss": 10.956600189208984,
  "rule_drift_loss": 1.289046049118042,
  "rule_drift_normalized": 0.241799183213152,
  "rule_concordance": 0.6718523486174252,
  "nonnegative_weight_loss": 0.0,
  "negative_cross_rule_count": 0.0,
  "attention_entropy": 0.0,
  "attention_last_6h_mass": 1.0
}