{
  "comparison_mode": "equal_sample",
  "protocol_sha256": "47629531beb32b3d2022e37471835ca592d7779197b7fe3696ee1cc8fc3ad184",
  "target_col": "label_sofa_increase_ge2_6h",
  "horizon_hours": 6,
  "seed": 62,
  "variant": "random_init",
  "display_name": "Randomly initialized FNN",
  "expert_init": 0,
  "temporal_design": 1,
  "clinical_consistency": 1,
  "explicit_temporal_features": 1,
  "input_seq_length": 24,
  "min_history_length": 24,
  "train_windows": 200000,
  "val_windows": 50000,
  "train_positive": 11326,
  "train_negative": 188674,
  "val_positive": 2906,
  "val_negative": 47094,
  "test_windows": 830839,
  "test_positive": 47292,
  "test_negative": 783547,
  "train_total_loss": 1.253907437210083,
  "train_auroc": 0.6426138770443798,
  "train_auprc": 0.11333532757760333,
  "val_total_loss": 1.265242482032776,
  "val_bce": 1.2539039547348023,
  "val_auroc": 0.6486271647009243,
  "val_auprc": 0.11797882659316468,
  "val_recall": 0.550929112181693,
  "val_precision": 0.09168480128278547,
  "test_total_loss": 1.2586215774700862,
  "test_auroc": 0.6394957871172134,
  "test_auprc": 0.11774421827159948,
  "test_recall": 0.0017761989342806395,
  "test_precision": 0.4540540540540541,
  "test_sensitivity": 0.0017761989342806395,
  "test_specificity": 0.9998710989895947,
  "test_f1": 0.0035385555110895805,
  "test_accuracy": 0.9430587634908809,
  "test_brier": 0.05245492510713969,
  "test_ece": 0.0011477634159104606,
  "test_mce": 0.8455649336960617,
  "test_log_loss": 0.21015357186063177,
  "test_raw_brier": 0.22637905264736993,
  "test_raw_ece": 0.4082420095100249,
  "test_raw_log_loss": 0.6465157203258013,
  "validation_platt_intercept": -2.7725339266810605,
  "validation_platt_slope": 1.017476081827058,
  "calibration_method": "validation_only_platt",
  "best_epoch": 17,
  "actual_epochs": 20,
  "stopped_early": 0,
  "seconds": 710.2521999999881,
  "num_cross_rules": 6.0,
  "avg_rule_antecedents": 2.1666666666666665,
  "mean_rule_activation": 0.1666666633436415,
  "active_rule_fraction_gt_0_1": 0.6166558333333333,
  "mean_top_rule_activation": 0.3886316256713867,
  "rule_sparsity_loss": 5.877055644989014,
  "rule_drift_loss": 0.7798717021942139,
  "rule_drift_normalized": 0.15652479364944155,
  "rule_concordance": 0.6044605237280143,
  "nonnegative_weight_loss": 0.0008129696361720562,
  "negative_cross_rule_count": 0.0,
  "attention_entropy": 0.9798949389648437,
  "attention_last_6h_mass": 0.2512402992248535
}