{
  "comparison_mode": "equal_sample",
  "protocol_sha256": "47629531beb32b3d2022e37471835ca592d7779197b7fe3696ee1cc8fc3ad184",
  "target_col": "label_sofa_increase_ge2_6h",
  "horizon_hours": 6,
  "seed": 52,
  "variant": "static_guideline",
  "display_name": "Guideline-guided FNN without temporal features",
  "expert_init": 1,
  "temporal_design": 0,
  "clinical_consistency": 0,
  "explicit_temporal_features": 0,
  "input_seq_length": 1,
  "min_history_length": 24,
  "train_windows": 200000,
  "val_windows": 50000,
  "train_positive": 11326,
  "train_negative": 188674,
  "val_positive": 2906,
  "val_negative": 47094,
  "test_windows": 830839,
  "test_positive": 47292,
  "test_negative": 783547,
  "train_total_loss": 1.288698628578186,
  "train_auroc": 0.6004398147061001,
  "train_auprc": 0.08507992270471314,
  "val_total_loss": 1.3026678026580811,
  "val_bce": 1.2919178689956665,
  "val_auroc": 0.6073656709073835,
  "val_auprc": 0.08826520737630072,
  "val_recall": 0.4449415003441156,
  "val_precision": 0.08403743663070323,
  "test_total_loss": 1.2964467818358536,
  "test_auroc": 0.5946420128027184,
  "test_auprc": 0.08424469910361804,
  "test_recall": 0.0,
  "test_precision": 0.0,
  "test_sensitivity": 0.0,
  "test_specificity": 0.9999974475047444,
  "test_f1": NaN,
  "test_accuracy": 0.9430768175302315,
  "test_brier": 0.05328723288307447,
  "test_ece": 0.0011398128920734627,
  "test_mce": 0.5356504011397965,
  "test_log_loss": 0.21516193208152365,
  "test_raw_brier": 0.2269198363131726,
  "test_raw_ece": 0.41064834543679746,
  "test_raw_log_loss": 0.647198510520503,
  "validation_platt_intercept": -2.722495177961691,
  "validation_platt_slope": 0.9394649262065904,
  "calibration_method": "validation_only_platt",
  "best_epoch": 20,
  "actual_epochs": 20,
  "stopped_early": 0,
  "seconds": 500.91014519985765,
  "num_cross_rules": 6.0,
  "avg_rule_antecedents": 2.1666666666666665,
  "mean_rule_activation": 0.16619859827677408,
  "active_rule_fraction_gt_0_1": 0.22570333333333334,
  "mean_top_rule_activation": 0.8870347634887695,
  "rule_sparsity_loss": 10.824019432067871,
  "rule_drift_loss": 1.3764936923980713,
  "rule_drift_normalized": 0.24492432487022597,
  "rule_concordance": 0.6349304208576273,
  "nonnegative_weight_loss": 0.0,
  "negative_cross_rule_count": 0.0,
  "attention_entropy": 0.0,
  "attention_last_6h_mass": 1.0
}