{
  "windows": 6215890,
  "patients": 80239,
  "stays": 99262,
  "hospitals": 205,
  "prevalence": 0.04745080752716023,
  "raw": {
    "auroc": 0.603373026851439,
    "auprc": 0.07618443119110667,
    "accuracy": 0.6653893489106145,
    "precision": 0.06766119265610619,
    "recall": 0.47354966451827263,
    "sensitivity": 0.47354966451827263,
    "specificity": 0.6749457560884325,
    "f1": 0.11840462791337414,
    "brier": 0.22356897538888398,
    "log_loss": 0.6403660055072992,
    "prevalence": 0.04745080694556236,
    "ece": 0.4109001080812104,
    "mce": 0.7247118807680359,
    "calibration_intercept": -2.938610693313412,
    "calibration_slope": 0.7342237543944609
  },
  "mimic_calibrated": {
    "auroc": 0.603373026851439,
    "auprc": 0.07618443119110667,
    "accuracy": 0.9524359343553377,
    "precision": 0.20764119601328904,
    "recall": 0.0008476041620754775,
    "sensitivity": 0.0008476041620754775,
    "specificity": 0.9998388769622937,
    "f1": 0.0016883165120731515,
    "brier": 0.04578379271787647,
    "log_loss": 0.1925636171603215,
    "prevalence": 0.04745080694556236,
    "ece": 0.022260875034254182,
    "mce": 0.3529249697299075,
    "calibration_intercept": -1.1867954426155893,
    "calibration_slope": 0.6903221837810464
  },
  "clustered_ci95": {
    "auroc": [
      0.6006050913546489,
      0.6059345725564581
    ],
    "auprc": [
      0.07481871210149924,
      0.07777994681958687
    ],
    "brier": [
      0.04537848221002479,
      0.046120271557699266
    ]
  },
  "bootstrap_reps": 200,
  "bootstrap_unit": "subject_id",
  "checkpoint_sha256": "49a1a914fe2a55609bbfb26a92425bbaa1fd07c05909c04b5a7a8a18e60f6b76",
  "checkpoint_best_epoch": 19,
  "no_eicu_fitting": true
}