{
  "source_database": "MIMIC-IV validation only",
  "checkpoint_sha256": "49a1a914fe2a55609bbfb26a92425bbaa1fd07c05909c04b5a7a8a18e60f6b76",
  "calibration": {
    "method": "Platt logistic calibration on raw-probability logit",
    "intercept": -2.5376777946116906,
    "slope": 1.0635954149817417
  },
  "specificity_thresholds": {
    "0.9": 0.09151810298561838,
    "0.95": 0.11263688606924424
  },
  "risk_quantiles": [
    0.6,
    0.85
  ],
  "risk_cutoffs": [
    0.0563000304607451,
    0.08226144571896574
  ],
  "validation_windows": 50000,
  "validation_prevalence": 0.05812,
  "no_eicu_outcome_used": true
}