{
  "comparison_mode": "equal_sample",
  "protocol_sha256": "47629531beb32b3d2022e37471835ca592d7779197b7fe3696ee1cc8fc3ad184",
  "target_col": "label_sofa_increase_ge2_6h",
  "horizon_hours": 6,
  "seed": 52,
  "variant": "observation_12h_explicit",
  "display_name": "FNN (12h, explicit temporal features)",
  "expert_init": 1,
  "temporal_design": 1,
  "clinical_consistency": 1,
  "explicit_temporal_features": 1,
  "input_seq_length": 12,
  "min_history_length": 24,
  "train_windows": 200000,
  "val_windows": 50000,
  "train_positive": 11326,
  "train_negative": 188674,
  "val_positive": 2906,
  "val_negative": 47094,
  "test_windows": 830839,
  "test_positive": 47292,
  "test_negative": 783547,
  "train_total_loss": 1.2637233354187012,
  "train_auroc": 0.6317435111628824,
  "train_auprc": 0.09574705189979628,
  "val_total_loss": 1.281047150039673,
  "val_bce": 1.2740101645278932,
  "val_auroc": 0.6304638201303094,
  "val_auprc": 0.09691184172615327,
  "val_recall": 0.5419821059876119,
  "val_precision": 0.08447757991847243,
  "test_total_loss": 1.2733124874649975,
  "test_auroc": 0.6224179674325679,
  "test_auprc": 0.09457709153189954,
  "test_recall": 0.5313583692802165,
  "test_precision": 0.08212601436036879,
  "test_sensitivity": 0.5313583692802165,
  "test_specificity": 0.6415633012442138,
  "test_f1": 0.1422639148760307,
  "test_accuracy": 0.6352903510788492,
  "test_brier": 0.23127665688385318,
  "test_ece": 0.41362787587698635,
  "test_mce": 0.6276600610185655,
  "test_log_loss": 0.6559906784279451,
  "best_epoch": 20,
  "actual_epochs": 20,
  "stopped_early": 0,
  "seconds": 328.4697412000969,
  "num_cross_rules": 6.0,
  "avg_rule_antecedents": 2.1666666666666665,
  "mean_rule_activation": 0.16447134467230903,
  "active_rule_fraction_gt_0_1": 0.2219636111111111,
  "mean_top_rule_activation": 0.8848532470703125,
  "rule_sparsity_loss": 13.472609519958496,
  "rule_drift_loss": 1.0324786901474,
  "nonnegative_weight_loss": 0.0,
  "negative_cross_rule_count": 0.0,
  "attention_entropy": 0.9596166369628907,
  "attention_last_6h_mass": 0.49915195922851563,
  "observation_window_hours": 12,
  "feature_design": "explicit"
}