{
  "comparison_mode": "equal_sample",
  "protocol_sha256": "47629531beb32b3d2022e37471835ca592d7779197b7fe3696ee1cc8fc3ad184",
  "target_col": "label_sofa_increase_ge2_6h",
  "horizon_hours": 6,
  "seed": 52,
  "variant": "no_missingness",
  "display_name": "Explicit KG-TFNN without missingness channels",
  "expert_init": 1,
  "temporal_design": 1,
  "clinical_consistency": 1,
  "explicit_temporal_features": 1,
  "input_mask_mode": "no_missingness",
  "input_seq_length": 24,
  "min_history_length": 24,
  "train_windows": 200000,
  "val_windows": 50000,
  "train_positive": 11326,
  "train_negative": 188674,
  "val_positive": 2906,
  "val_negative": 47094,
  "test_windows": 830839,
  "test_positive": 47292,
  "test_negative": 783547,
  "train_total_loss": 1.286693463973999,
  "train_auroc": 0.6085227871921808,
  "train_auprc": 0.08981324493855852,
  "val_total_loss": 1.2993794375610352,
  "val_bce": 1.285095452194214,
  "val_auroc": 0.6194537935009892,
  "val_auprc": 0.09226097161112153,
  "val_recall": 0.4421885753613214,
  "val_precision": 0.08718366239229255,
  "test_total_loss": 1.296936597125478,
  "test_auroc": 0.6035895008876738,
  "test_auprc": 0.08809824310871577,
  "test_recall": 0.0,
  "test_precision": 0.0,
  "test_sensitivity": 0.0,
  "test_specificity": 0.9999974475047444,
  "test_f1": NaN,
  "test_accuracy": 0.9430768175302315,
  "test_brier": 0.053197013580949276,
  "test_ece": 0.0010634210838585017,
  "test_mce": 0.5289916986466914,
  "test_log_loss": 0.21451126223066092,
  "test_raw_brier": 0.21753860956267718,
  "test_raw_ece": 0.3976916095410563,
  "test_raw_log_loss": 0.6273217143888538,
  "validation_platt_intercept": -2.684626974020587,
  "validation_platt_slope": 0.9446651919869611,
  "calibration_method": "validation_only_platt",
  "best_epoch": 16,
  "actual_epochs": 20,
  "stopped_early": 0,
  "seconds": 1196.0785419000313,
  "num_cross_rules": 6.0,
  "avg_rule_antecedents": 2.1666666666666665,
  "mean_rule_activation": 0.1666599821472168,
  "active_rule_fraction_gt_0_1": 0.2267451388888889,
  "mean_top_rule_activation": 0.8776612372843424,
  "rule_sparsity_loss": 9.89105224609375,
  "rule_drift_loss": 1.3207911252975464,
  "rule_drift_normalized": 0.230763551912969,
  "rule_concordance": 0.727095663602536,
  "nonnegative_weight_loss": 0.0,
  "negative_cross_rule_count": 0.0,
  "attention_entropy": 0.9992475425720215,
  "attention_last_6h_mass": 0.24958887283325196
}