{
  "comparison_mode": "equal_sample",
  "protocol_sha256": "47629531beb32b3d2022e37471835ca592d7779197b7fe3696ee1cc8fc3ad184",
  "target_col": "label_sofa_increase_ge2_6h",
  "horizon_hours": 6,
  "seed": 52,
  "variant": "full",
  "display_name": "Full Knowledge-Guided Temporal FNN",
  "expert_init": 1,
  "temporal_design": 1,
  "clinical_consistency": 1,
  "explicit_temporal_features": 1,
  "input_seq_length": 24,
  "min_history_length": 24,
  "train_windows": 200000,
  "val_windows": 50000,
  "train_positive": 11326,
  "train_negative": 188674,
  "val_positive": 2906,
  "val_negative": 47094,
  "test_windows": 830839,
  "test_positive": 47292,
  "test_negative": 783547,
  "train_total_loss": 1.2575979187774657,
  "train_auroc": 0.6464747781748884,
  "train_auprc": 0.11647429005906973,
  "val_total_loss": 1.2853006869125365,
  "val_bce": 1.2671919137573242,
  "val_auroc": 0.6541765387822706,
  "val_auprc": 0.12496294830570132,
  "val_recall": 0.36373021335168615,
  "val_precision": 0.1135094501718213,
  "test_total_loss": 1.2783470164738946,
  "test_auroc": 0.6450472596995519,
  "test_auprc": 0.12302269083585707,
  "test_recall": 0.002812314979277679,
  "test_precision": 0.475,
  "test_sensitivity": 0.002812314979277679,
  "test_specificity": 0.9998123915987172,
  "test_f1": 0.005591524426133019,
  "test_accuracy": 0.9430623742987511,
  "test_brier": 0.05230718369091742,
  "test_ece": 0.0012219207516625122,
  "test_mce": 0.9044051470530381,
  "test_log_loss": 0.20941833383811273,
  "test_raw_brier": 0.17943951655902793,
  "test_raw_ece": 0.34670847270793415,
  "test_raw_log_loss": 0.5463352778265359,
  "validation_platt_intercept": -2.4972444900475415,
  "validation_platt_slope": 1.0565628585753863,
  "calibration_method": "validation_only_platt",
  "best_epoch": 17,
  "actual_epochs": 20,
  "stopped_early": 0,
  "seconds": 751.9423274998553,
  "num_cross_rules": 6.0,
  "avg_rule_antecedents": 2.1666666666666665,
  "mean_rule_activation": 0.16581855868869358,
  "active_rule_fraction_gt_0_1": 0.235365,
  "mean_top_rule_activation": 0.8701457861328125,
  "rule_sparsity_loss": 10.768009185791016,
  "rule_drift_loss": 1.258886456489563,
  "rule_drift_normalized": 0.22187160374305676,
  "rule_concordance": 0.443866530648803,
  "nonnegative_weight_loss": 0.001654125633649528,
  "negative_cross_rule_count": 0.0,
  "attention_entropy": 0.9931124981689453,
  "attention_last_6h_mass": 0.250327149848938
}