{
  "comparison_mode": "equal_sample",
  "protocol_sha256": "47629531beb32b3d2022e37471835ca592d7779197b7fe3696ee1cc8fc3ad184",
  "target_col": "label_sofa_increase_ge2_6h",
  "horizon_hours": 6,
  "seed": 62,
  "variant": "no_consistency",
  "display_name": "Temporal FNN without clinical consistency regularization",
  "expert_init": 1,
  "temporal_design": 1,
  "clinical_consistency": 0,
  "explicit_temporal_features": 1,
  "input_seq_length": 24,
  "min_history_length": 24,
  "train_windows": 200000,
  "val_windows": 50000,
  "train_positive": 11326,
  "train_negative": 188674,
  "val_positive": 2906,
  "val_negative": 47094,
  "test_windows": 830839,
  "test_positive": 47292,
  "test_negative": 783547,
  "train_total_loss": 1.252927212600708,
  "train_auroc": 0.650551089628962,
  "train_auprc": 0.11787902613015847,
  "val_total_loss": 1.2637345378494262,
  "val_bce": 1.2467010898590087,
  "val_auroc": 0.6563131150827455,
  "val_auprc": 0.12549485939440366,
  "val_recall": 0.5447350309704061,
  "val_precision": 0.09425424233402799,
  "test_total_loss": 1.2571535490275425,
  "test_auroc": 0.6480603837369013,
  "test_auprc": 0.12256358276126945,
  "test_recall": 0.00348896219233697,
  "test_precision": 0.5092592592592593,
  "test_sensitivity": 0.00348896219233697,
  "test_specificity": 0.9997970766271839,
  "test_f1": 0.006930443548387097,
  "test_accuracy": 0.9430864463512185,
  "test_brier": 0.052308722532044924,
  "test_ece": 0.001174226822451549,
  "test_mce": 0.9255698767644552,
  "test_log_loss": 0.20922566642780646,
  "test_raw_brier": 0.22347049400858404,
  "test_raw_ece": 0.4054653698227911,
  "test_raw_log_loss": 0.6404652060085636,
  "validation_platt_intercept": -2.7596749281982236,
  "validation_platt_slope": 1.0856870447763975,
  "calibration_method": "validation_only_platt",
  "best_epoch": 20,
  "actual_epochs": 20,
  "stopped_early": 0,
  "seconds": 746.0780023001134,
  "num_cross_rules": 6.0,
  "avg_rule_antecedents": 2.1666666666666665,
  "mean_rule_activation": 0.16665924128214518,
  "active_rule_fraction_gt_0_1": 0.2349109722222222,
  "mean_top_rule_activation": 0.864172314046224,
  "rule_sparsity_loss": 9.262838363647461,
  "rule_drift_loss": 1.4149504899978638,
  "rule_drift_normalized": 0.22897091257036664,
  "rule_concordance": 0.4775826870775618,
  "nonnegative_weight_loss": 0.0,
  "negative_cross_rule_count": 0.0,
  "attention_entropy": 0.9934694030761718,
  "attention_last_6h_mass": 0.2504800369262695
}