{
  "comparison_mode": "equal_sample",
  "protocol_sha256": "47629531beb32b3d2022e37471835ca592d7779197b7fe3696ee1cc8fc3ad184",
  "target_col": "label_sofa_increase_ge2_6h",
  "horizon_hours": 6,
  "seed": 42,
  "variant": "missingness_only",
  "display_name": "Missingness-only Temporal FNN",
  "expert_init": 1,
  "temporal_design": 1,
  "clinical_consistency": 1,
  "explicit_temporal_features": 1,
  "input_mask_mode": "missingness_only",
  "input_seq_length": 24,
  "min_history_length": 24,
  "train_windows": 200000,
  "val_windows": 50000,
  "train_positive": 11326,
  "train_negative": 188674,
  "val_positive": 2906,
  "val_negative": 47094,
  "test_windows": 830839,
  "test_positive": 47292,
  "test_negative": 783547,
  "train_total_loss": 1.2918698029899598,
  "train_auroc": 0.5890365928536931,
  "train_auprc": 0.08419358330485266,
  "val_total_loss": 1.3018719905471803,
  "val_bce": 1.2927803748703004,
  "val_auroc": 0.6006177925445327,
  "val_auprc": 0.0921423158047901,
  "val_recall": 0.6768754301445286,
  "val_precision": 0.07116755309526394,
  "test_total_loss": 1.2926951382503475,
  "test_auroc": 0.5949383176454612,
  "test_auprc": 0.09016490374129749,
  "test_recall": 0.0,
  "test_precision": NaN,
  "test_sensitivity": 0.0,
  "test_specificity": 1.0,
  "test_f1": NaN,
  "test_accuracy": 0.9430792247354782,
  "test_brier": 0.0531732938506308,
  "test_ece": 0.0019401639940536263,
  "test_mce": 0.37108389432058564,
  "test_log_loss": 0.2146924103808457,
  "test_raw_brier": 0.26301650396805676,
  "test_raw_ece": 0.45496936025789037,
  "test_raw_log_loss": 0.7203383481787601,
  "validation_platt_intercept": -2.911872832641219,
  "validation_platt_slope": 1.2008376205653375,
  "calibration_method": "validation_only_platt",
  "best_epoch": 18,
  "actual_epochs": 20,
  "stopped_early": 0,
  "seconds": 972.6003001001664,
  "num_cross_rules": 6.0,
  "avg_rule_antecedents": 2.1666666666666665,
  "mean_rule_activation": 0.16665384504530165,
  "active_rule_fraction_gt_0_1": 0.16666666666666666,
  "mean_top_rule_activation": 0.9198128381347657,
  "rule_sparsity_loss": 4.426511764526367,
  "rule_drift_loss": 1.7256748676300049,
  "rule_drift_normalized": 0.23992971480255393,
  "rule_concordance": NaN,
  "nonnegative_weight_loss": 0.0,
  "negative_cross_rule_count": 0.0,
  "attention_entropy": 0.9999999403381348,
  "attention_last_6h_mass": 0.25
}