{
  "comparison_mode": "equal_sample",
  "protocol_sha256": "47629531beb32b3d2022e37471835ca592d7779197b7fe3696ee1cc8fc3ad184",
  "target_col": "label_sofa_increase_ge2_6h",
  "horizon_hours": 6,
  "seed": 42,
  "variant": "observation_6h_explicit",
  "display_name": "FNN (6h, explicit temporal features)",
  "expert_init": 1,
  "temporal_design": 1,
  "clinical_consistency": 1,
  "explicit_temporal_features": 1,
  "input_seq_length": 6,
  "min_history_length": 24,
  "train_windows": 200000,
  "val_windows": 50000,
  "train_positive": 11326,
  "train_negative": 188674,
  "val_positive": 2906,
  "val_negative": 47094,
  "test_windows": 830839,
  "test_positive": 47292,
  "test_negative": 783547,
  "train_total_loss": 1.2645006664657592,
  "train_auroc": 0.630282309301845,
  "train_auprc": 0.09527010027252912,
  "val_total_loss": 1.2820088052749634,
  "val_bce": 1.2752372314071656,
  "val_auroc": 0.631174673832549,
  "val_auprc": 0.09820464617056415,
  "val_recall": 0.4834824501032347,
  "val_precision": 0.08830368927157313,
  "test_total_loss": 1.275559780609277,
  "test_auroc": 0.621081359393657,
  "test_auprc": 0.09428425490447233,
  "test_recall": 0.47830499873128646,
  "test_precision": 0.08535784635587657,
  "test_sensitivity": 0.47830499873128646,
  "test_specificity": 0.6906605474847074,
  "test_f1": 0.14486349401525486,
  "test_accuracy": 0.6785731050179397,
  "test_brier": 0.22095307655662746,
  "test_ece": 0.4013110504982797,
  "test_mce": 0.625505397959185,
  "test_log_loss": 0.6344967755322747,
  "best_epoch": 20,
  "actual_epochs": 20,
  "stopped_early": 0,
  "seconds": 293.5266028000042,
  "num_cross_rules": 6.0,
  "avg_rule_antecedents": 2.1666666666666665,
  "mean_rule_activation": 0.16532837293836805,
  "active_rule_fraction_gt_0_1": 0.21447777777777777,
  "mean_top_rule_activation": 0.9028637613932292,
  "rule_sparsity_loss": 13.463509559631348,
  "rule_drift_loss": 1.0329757928848267,
  "nonnegative_weight_loss": 0.0,
  "negative_cross_rule_count": 0.0,
  "attention_entropy": 0.9761962463378906,
  "attention_last_6h_mass": 1.0,
  "observation_window_hours": 6,
  "feature_design": "explicit"
}